id,first_name,last_name,ip_address,gender,race/ethnicity,parental level of education,lunch,test preparation course,math score,reading score,writing score
1,Celestine,Golsthorp,137.119.20.23,female,group E,some high school,free/reduced,none,66,65,70
2,Merill,Stellino,51.81.157.183,male,group A,some high school,free/reduced,none,51,52,46
3,Dre,Radbourne,197.24.214.135,female,group E,some high school,free/reduced,none,53,52,51
4,Rasla,Found,18.54.25.234,female,group E,high school,standard,completed,76,91,90
5,Dyann,Regelous,172.155.23.195,female,group D,high school,standard,none,66,72,71
6,Marcelle,Gainor,164.63.58.0,female,group B,some high school,standard,none,48,61,62
7,Michael,Acuna,176.231.82.215,male,group B,high school,standard,completed,88,78,83
8,Delainey,Robathon,110.113.222.68,male,group D,associate's degree,free/reduced,none,63,66,61
9,Stefa,Sargint,221.181.179.140,female,group D,some high school,standard,none,72,77,81
10,Isac,Eltringham,52.55.248.210,male,group D,some high school,standard,none,80,78,70
11,Nicholle,Mattielli,127.227.112.167,female,group B,some college,standard,completed,63,66,74
12,Tyson,Garrals,231.43.184.138,male,group D,associate's degree,standard,completed,92,91,92
13,Devinne,Goodban,18.124.140.54,female,group D,some college,free/reduced,completed,33,52,59
14,Jessie,Behrens,156.50.70.69,female,group C,some college,standard,completed,78,96,92
15,Roth,Drayn,47.159.105.244,male,group E,associate's degree,standard,none,64,53,48
16,Vivien,Tollerfield,89.164.171.24,female,group C,associate's degree,standard,completed,56,64,72
17,Laverna,Creamer,241.15.101.187,female,group A,associate's degree,free/reduced,completed,61,71,74
18,Lisetta,Eckford,50.54.88.76,female,group B,bachelor's degree,free/reduced,none,54,61,65
19,Amelina,Southorn,184.129.139.94,female,group B,high school,free/reduced,none,51,49,47
20,Alfred,McKinney,204.12.158.77,male,group C,some high school,standard,completed,97,82,83
21,Caz,MacHostie,11.29.80.49,male,group A,high school,free/reduced,none,66,70,62
22,Yulma,Bennit,198.75.127.109,male,group D,some college,free/reduced,completed,69,73,74
23,Clerc,Rives,231.73.215.203,male,group D,high school,standard,none,87,72,71
24,Gregg,Warhurst,6.82.216.83,male,group D,high school,free/reduced,completed,75,71,74
25,Donal,Fairest,177.24.163.84,male,group C,some college,free/reduced,none,64,59,56
26,Anestassia,Adkins,187.247.216.96,female,group C,some high school,free/reduced,none,75,69,74
27,Hewitt,Loosley,187.118.232.62,male,group C,bachelor's degree,standard,none,56,62,60
28,Tad,Fine,241.19.173.192,male,group B,master's degree,free/reduced,none,68,65,54
29,Derrek,Tutt,61.22.60.47,male,group C,high school,free/reduced,none,49,51,45
30,Ferdinande,Wigfall,253.74.104.105,female,group B,bachelor's degree,standard,completed,32,52,52
31,Sibylla,Kleis,63.119.132.31,female,group D,high school,standard,completed,81,81,88
32,Wiatt,De la Feld,105.115.206.211,male,group C,associate's degree,free/reduced,none,50,53,47
33,Lyda,Rockall,62.238.186.21,female,group B,bachelor's degree,free/reduced,none,69,72,80
34,Oliy,Ceschelli,180.246.155.4,female,group C,some college,standard,none,68,64,67
35,Garnette,Gibbett,22.161.56.193,female,group C,associate's degree,standard,completed,58,76,74
36,Rubina,Sugg,30.127.94.39,female,group B,some high school,free/reduced,none,53,74,67
37,Dominique,Vasyutochkin,106.35.45.46,male,group E,some high school,standard,completed,67,55,59
38,Ailina,Taffurelli,57.232.53.23,female,group B,bachelor's degree,standard,none,65,68,66
39,Meta,Bolley,7.103.101.232,female,group E,bachelor's degree,standard,completed,80,91,92
40,Frayda,Ruxton,130.255.194.221,female,group D,some college,free/reduced,none,52,62,66
41,Rosalinde,Strange,58.223.28.2,female,group B,bachelor's degree,standard,none,65,76,66
42,Toiboid,Barnfather,105.37.45.158,male,group E,associate's degree,standard,none,94,80,72
43,Traver,Jiricka,106.55.96.249,male,group B,some college,standard,completed,86,85,84
44,Devlin,Bettis,233.16.125.80,male,group B,some high school,standard,none,77,73,73
45,Diena,Gullis,247.212.158.63,female,group C,some college,free/reduced,none,26,38,41
46,Perle,Bluett,180.1.77.53,female,group D,master's degree,free/reduced,none,70,71,68
47,Maurizio,Howgill,183.57.134.227,male,group C,high school,free/reduced,none,72,75,72
48,Antonius,De Dantesie,146.26.128.233,male,group D,bachelor's degree,standard,none,95,84,85
49,Felecia,Pawelek,62.236.13.190,female,group E,some high school,free/reduced,none,65,58,59
50,Murdock,Vallerine,65.177.172.39,male,group A,associate's degree,free/reduced,none,42,48,46
51,Killian,Edginton,154.164.128.53,male,group B,bachelor's degree,standard,completed,85,86,79
52,Joya,Blaszczyk,165.24.167.178,female,group D,some college,free/reduced,none,48,61,59
53,Winslow,McBeth,74.243.161.187,male,group C,some college,free/reduced,completed,79,81,77
54,Davine,Forre,84.221.222.68,female,group B,some high school,free/reduced,none,37,44,45
55,Bronny,Eversfield,65.10.177.127,male,group C,some college,free/reduced,none,76,78,68
56,Gilemette,Checketts,251.14.169.214,female,group D,some college,free/reduced,completed,69,80,85
57,Aland,Blockley,1.184.153.232,male,group E,some college,standard,none,81,73,76
58,Dwayne,Dickman,20.22.224.187,male,group A,high school,standard,none,58,57,52
59,Beatrix,Deluca,202.52.216.195,female,group C,master's degree,standard,none,45,68,65
60,Eleanor,Preston,15.155.158.16,female,group C,associate's degree,standard,none,48,67,70
61,Lionel,MacCheyne,255.161.83.168,male,group C,associate's degree,standard,none,67,76,67
62,Rochella,Jordeson,212.67.113.10,female,group A,high school,free/reduced,none,52,64,53
63,Jereme,Wemm,193.105.166.14,male,group C,master's degree,standard,none,67,76,74
64,Vivyanne,Farres,217.34.23.98,female,group D,some high school,standard,none,77,75,74
65,Ayn,Clutton,145.171.148.100,female,group D,high school,standard,none,60,69,66
66,Anselm,McPaike,215.234.54.180,male,group C,some high school,standard,none,80,81,74
67,Ingrid,Plait,99.247.221.180,female,group C,some college,free/reduced,completed,55,72,74
68,Olga,Grimsdale,16.135.247.103,female,group E,bachelor's degree,standard,none,100,100,100
69,Barton,Pomeroy,153.166.46.72,male,group A,bachelor's degree,free/reduced,none,61,61,58
70,Bea,Penhaleurack,201.219.67.172,female,group B,bachelor's degree,standard,completed,76,97,93
71,Kris,Walcar,178.166.130.114,female,group A,associate's degree,standard,none,67,77,73
72,Cristabel,McKelvey,83.33.177.253,female,group C,high school,free/reduced,none,50,70,68
73,Benjamin,Northridge,102.132.73.82,male,group C,high school,standard,none,55,58,56
74,Dore,Tigwell,180.184.12.187,male,group A,associate's degree,standard,completed,66,65,62
75,Kerwinn,Dufty,26.251.216.75,male,group C,some college,free/reduced,none,76,77,71
76,Flory,Blagburn,171.1.78.169,male,group A,high school,standard,completed,88,98,94
77,Helene,Maxfield,64.79.132.10,female,group D,some high school,standard,completed,57,66,74
78,Thorny,Duffy,54.22.159.77,male,group B,some college,standard,completed,75,60,69
79,Andee,Ramsbotham,74.64.74.43,female,group C,bachelor's degree,standard,none,75,86,83
80,Reggis,Gennrich,210.78.76.254,male,group E,bachelor's degree,free/reduced,none,56,57,49
81,Myles,Senogles,98.44.26.179,male,group B,high school,standard,none,63,54,54
82,Amelita,Elphinstone,60.107.83.202,female,group B,some college,standard,completed,43,63,56
83,Leon,Cridlan,49.78.240.206,male,group C,master's degree,free/reduced,completed,65,61,54
84,Burtie,Gooder,41.182.217.78,male,group D,bachelor's degree,standard,none,92,79,80
85,Cathee,Wolfarth,173.163.252.160,female,group E,associate's degree,standard,none,98,97,97
86,Willy,Northway,182.135.66.135,male,group B,high school,standard,completed,77,70,74
87,Malinda,Hemphrey,175.46.38.155,female,group D,bachelor's degree,free/reduced,none,56,63,63
88,Arvy,Hedan,162.138.241.160,male,group A,associate's degree,free/reduced,none,75,73,61
89,Dirk,Oxenford,56.195.96.26,male,group D,some high school,standard,none,72,66,65
90,Neala,Rogge,153.35.78.66,female,group E,high school,standard,none,85,90,82
91,Micheil,Walrond,118.152.64.111,male,group D,master's degree,standard,none,88,84,93
92,Myles,Sockell,213.84.92.251,male,group B,some high school,standard,completed,71,69,67
93,Monte,Parkey,61.238.57.184,male,group B,some high school,standard,completed,80,76,72
94,Bridget,Fortescue,30.174.149.207,female,group B,some college,free/reduced,none,51,71,65
95,Valencia,Cokely,20.114.105.184,female,group E,some college,standard,none,67,65,69
96,Maynord,Millimoe,82.49.192.220,male,group D,some college,free/reduced,none,70,59,57
97,Feliks,Whelan,164.101.188.188,male,group E,high school,standard,completed,87,71,77
98,Renate,Tatershall,207.139.167.169,female,group B,associate's degree,standard,none,82,90,92
99,Ralph,Stucksbury,39.7.2.139,male,group E,some high school,free/reduced,completed,70,69,65
100,Annice,Barber,25.173.82.247,female,group D,high school,free/reduced,completed,49,70,72
101,Olag,Pitson,111.165.77.197,male,group D,high school,free/reduced,completed,53,65,66
102,Waylen,Barwack,108.155.121.69,male,group E,high school,standard,none,79,62,58
103,Sam,Timms,110.198.215.191,female,group D,some college,standard,completed,86,100,100
104,Crosby,Babidge,126.112.98.234,male,group D,some high school,standard,completed,98,96,89
105,Delcina,Jeyness,109.112.127.8,female,group D,high school,standard,none,54,66,56
106,Derril,McCorrie,123.90.224.234,male,group C,bachelor's degree,standard,none,77,74,75
107,Astrid,Bagot,146.193.148.62,female,group E,high school,standard,completed,82,86,89
108,Linnell,Del Checolo,52.144.162.249,female,group C,some college,standard,completed,78,89,88
109,Selene,Tennewell,245.38.134.146,female,group A,master's degree,standard,none,60,67,63
110,Arty,Dyhouse,196.160.186.145,male,group C,high school,standard,completed,62,40,50
111,Jennine,Lebbern,103.69.1.103,female,group D,some high school,standard,none,78,72,80
112,Abram,Mattussevich,53.50.238.39,male,group C,some college,standard,none,81,72,69
113,Haley,Hubbuck,23.166.129.169,female,group B,some high school,standard,none,56,67,62
114,Lynnette,Huikerby,8.163.211.254,female,group E,high school,standard,completed,67,76,70
115,Nonna,Johncey,7.144.52.213,female,group D,associate's degree,standard,completed,95,100,100
116,Tomlin,Whapham,187.169.229.34,male,group A,high school,standard,completed,48,41,40
117,Gilburt,Reichert,159.104.126.193,male,group B,associate's degree,free/reduced,none,54,64,57
118,Elie,Pudding,84.239.130.47,female,group B,associate's degree,standard,completed,42,62,57
119,Roderic,Chamberlayne,249.239.96.221,male,group C,some college,standard,none,76,71,75
120,Bond,Moy,15.43.205.226,male,group B,some high school,standard,none,72,77,62
121,Beau,Daye,1.193.46.139,male,group B,associate's degree,standard,completed,76,72,65
122,Des,Worrell,149.114.48.90,male,group D,high school,free/reduced,none,71,72,74
123,Aubert,Conti,125.141.117.129,male,group D,some high school,standard,none,72,58,61
124,Bernette,Usherwood,54.232.125.148,female,group B,some high school,free/reduced,none,38,42,45
125,Minta,Aronov,118.205.198.184,female,group B,bachelor's degree,standard,none,69,74,72
126,Sonnnie,Rapper,41.145.202.206,female,group B,master's degree,free/reduced,none,58,65,67
127,Juliet,MacGragh,50.19.194.218,female,group C,master's degree,standard,none,72,76,76
128,Emmaline,Astall,5.102.89.235,female,group E,associate's degree,standard,none,90,94,91
129,Angelina,Jenkyn,131.80.239.25,female,group E,some college,standard,none,57,55,52
130,Dionne,Capey,158.152.207.41,female,group B,some high school,standard,none,80,73,76
131,Karry,Farrens,159.46.207.145,female,group D,high school,standard,completed,65,73,81
132,Anallise,Allain,100.148.231.146,female,group B,associate's degree,standard,none,68,74,69
133,Tricia,Hosby,2.32.194.238,female,group A,some high school,free/reduced,none,48,66,61
134,Lian,Danilowicz,216.90.75.18,female,group C,high school,free/reduced,none,40,51,53
135,Abbott,Betjes,79.83.89.241,male,group C,master's degree,standard,none,93,86,84
136,Evered,Deane,153.118.124.92,male,group D,associate's degree,standard,none,86,77,82
137,Lonnie,Christene,172.225.153.72,male,group E,some college,free/reduced,none,73,63,62
138,Dallas,MacGorrie,134.206.140.244,female,group B,associate's degree,free/reduced,completed,32,42,45
139,Letta,Gozney,165.94.211.16,female,group B,high school,standard,completed,59,76,79
140,Martita,Trembley,57.116.106.227,female,group C,master's degree,free/reduced,completed,80,100,100
141,Leanna,Hadwen,232.201.252.29,female,group C,associate's degree,free/reduced,none,65,68,70
142,Sydney,Sheavills,166.91.19.134,male,group A,bachelor's degree,standard,none,84,90,82
143,Scot,Ivashev,67.140.236.205,male,group C,some high school,free/reduced,none,52,57,51
144,Emmaline,Farquarson,140.101.97.131,female,group C,high school,free/reduced,none,43,61,56
145,Dulce,Pires,185.115.184.52,female,group B,some college,standard,completed,65,61,73
146,Nickey,Bundy,169.251.52.67,male,group B,some high school,standard,none,64,51,49
147,Noellyn,Mathew,244.46.63.31,female,group D,some high school,free/reduced,completed,53,64,68
148,Erasmus,Adamek,76.37.138.154,male,group B,some high school,standard,none,60,55,51
149,Garrott,Bienvenu,169.88.61.17,male,group D,some high school,standard,none,74,75,67
150,Angel,Mc Ilwrick,1.222.75.182,male,group E,some college,standard,none,93,77,81
151,Leese,Websdale,225.65.76.132,female,group D,some high school,standard,completed,82,88,97
152,Cele,Spare,254.0.64.230,female,group B,associate's degree,standard,none,72,77,78
153,Derril,Starbucke,167.214.56.152,male,group C,associate's degree,standard,none,77,75,73
154,Francoise,Angrick,89.132.211.185,female,group D,some college,free/reduced,completed,60,73,79
155,Lucas,Towhey,137.17.252.216,male,group C,associate's degree,free/reduced,none,52,51,46
156,Lethia,Huban,12.167.29.114,female,group D,associate's degree,free/reduced,completed,53,62,61
157,Sunny,Kisbey,14.197.212.91,female,group C,some college,standard,none,65,72,79
158,Wynn,Hutten,121.35.196.151,male,group D,high school,standard,none,49,48,45
159,Humfrey,Bridewell,209.202.243.227,male,group B,associate's degree,standard,none,85,79,77
160,Jecho,Pischof,100.141.126.246,male,group D,master's degree,standard,none,93,88,87
161,Daisy,Bank,251.63.2.249,female,group B,some high school,standard,completed,66,81,78
162,Shaughn,Morgon,177.18.72.82,male,group E,some high school,standard,none,98,88,81
163,Asa,Breede,182.232.189.89,male,group A,associate's degree,standard,completed,59,64,61
164,Ulick,Dannett,54.106.126.206,male,group B,associate's degree,standard,none,88,88,90
165,Rutger,Otley,46.228.109.139,male,group E,some high school,standard,none,78,59,50
166,Krishnah,Gentzsch,238.20.79.168,male,group B,master's degree,standard,completed,83,89,86
167,Luisa,Wilsey,192.128.91.62,female,group E,some high school,free/reduced,none,54,62,54
168,Kellsie,Ollivierre,89.60.2.114,female,group E,some high school,standard,none,57,53,56
169,Brig,Emmines,215.220.93.96,male,group C,associate's degree,free/reduced,none,65,63,61
170,Kasper,Feander,186.56.221.124,male,group A,master's degree,standard,completed,96,97,98
171,Marian,Posten,254.21.214.137,female,group B,high school,free/reduced,completed,42,58,62
172,Wilden,Craise,127.2.150.48,male,group C,some high school,standard,completed,55,70,63
173,Gilli,Clingoe,204.156.56.101,female,group B,associate's degree,standard,none,83,77,88
174,Kaye,Diem,178.176.9.57,female,group D,bachelor's degree,standard,completed,80,99,100
175,Reuven,Fancett,8.242.128.55,male,group E,associate's degree,standard,completed,76,63,65
176,Arlette,Firpi,169.235.221.253,female,group C,associate's degree,free/reduced,none,45,54,54
177,Octavia,Wondraschek,133.86.253.57,female,group C,bachelor's degree,standard,none,64,76,74
178,Crystal,Olivo,3.222.118.237,female,group E,some high school,free/reduced,completed,65,79,74
179,Leonerd,Peverell,206.10.232.7,male,group C,some high school,free/reduced,none,64,74,62
180,Parsifal,Jasper,238.172.67.163,male,group D,some college,standard,none,86,83,81
181,Gregorius,Aries,197.53.29.163,male,group E,master's degree,standard,completed,89,81,79
182,Wilbur,Aiskovitch,122.186.148.219,male,group B,some high school,standard,completed,63,47,48
183,Dunc,Sage,221.54.160.249,male,group B,some high school,standard,completed,83,78,78
184,Nadia,Halstead,238.3.213.213,female,group C,some college,free/reduced,none,71,81,75
185,Johnna,Crowley,165.160.47.82,female,group B,associate's degree,standard,completed,83,82,86
186,Raymond,Hearthfield,166.9.161.145,male,group E,bachelor's degree,standard,completed,91,86,87
187,Launce,Commin,51.116.51.235,male,group C,high school,standard,none,51,47,43
188,Joelle,Huccaby,33.73.208.214,female,group B,associate's degree,free/reduced,completed,74,84,86
189,Thorin,Cowles,240.167.236.241,male,group D,high school,free/reduced,completed,78,73,68
190,Shirline,Sickamore,149.248.157.79,female,group C,bachelor's degree,standard,none,72,78,76
191,Enrika,Halbeard,226.66.33.187,female,group C,master's degree,free/reduced,none,61,77,77
192,Darin,Broyd,11.134.195.224,male,group C,some college,standard,none,79,79,72
193,Valerie,Piddlesden,244.164.23.67,female,group E,associate's degree,free/reduced,completed,90,96,97
194,Gregorius,Chellam,166.132.113.150,male,group D,high school,standard,completed,89,87,83
195,Laverne,Mushart,129.50.175.149,female,group D,some high school,standard,none,74,87,81
196,Hatty,Ranaghan,152.98.193.131,female,group E,master's degree,free/reduced,completed,64,79,80
197,Veronique,Beloe,84.237.150.156,female,group E,some college,standard,none,93,95,90
198,Issie,Fayerman,102.98.159.56,female,group B,some high school,standard,none,74,79,75
199,Cyndi,Tiddy,185.159.113.8,female,group E,master's degree,standard,completed,94,98,100
200,Jeannine,Cowie,185.169.170.111,female,group D,some high school,standard,completed,69,72,77
201,Bartel,Foote,246.38.82.235,male,group E,associate's degree,free/reduced,completed,88,94,92
202,Gun,Claris,147.125.95.100,male,group E,some college,standard,none,88,78,78
203,Nelly,Cantor,75.151.43.171,female,group E,some college,free/reduced,completed,64,64,65
204,Casey,Currm,191.108.94.5,male,group B,associate's degree,free/reduced,none,71,68,60
205,Jerald,Vant,217.196.45.246,male,group E,some high school,standard,none,77,70,62
206,Bel,Deny,20.223.167.221,female,group C,some high school,standard,none,52,59,63
207,Gunar,Gammill,225.22.228.134,male,group A,high school,standard,none,63,62,54
208,Floyd,Hallad,149.168.200.185,male,group B,high school,standard,completed,84,76,77
209,Ev,Warratt,68.211.90.202,male,group E,master's degree,free/reduced,none,60,64,55
210,Ronna,Hazeltine,31.54.160.59,female,group C,some high school,standard,none,42,50,45
211,Consuela,Ponting,128.115.94.179,female,group E,high school,free/reduced,completed,47,70,66
212,Jason,Wedderburn,167.89.16.52,male,group C,associate's degree,standard,none,50,48,43
213,Hendrick,Olyfant,234.169.113.12,male,group C,bachelor's degree,free/reduced,none,64,59,55
214,Blondie,Scallon,53.29.210.57,female,group E,high school,free/reduced,completed,72,80,79
215,Lind,Phetteplace,39.143.82.100,male,group D,some college,free/reduced,completed,61,60,58
216,Kane,Shah,108.165.12.106,male,group B,some high school,free/reduced,completed,50,61,55
217,Chryste,McMorran,162.223.3.230,female,group C,associate's degree,standard,none,61,50,54
218,Ave,De Haven,179.173.185.179,male,group D,high school,standard,completed,76,55,58
219,Verge,Percifer,255.77.215.73,male,group B,some college,standard,completed,69,65,66
220,Brook,Lyes,15.5.217.117,female,group E,some high school,free/reduced,none,67,70,74
221,Aloise,Peetermann,24.27.190.221,female,group D,some high school,standard,none,75,95,91
222,Maribeth,Surpliss,25.4.210.41,female,group D,high school,free/reduced,none,53,65,62
223,Son,Narducci,23.68.28.138,male,group D,some high school,free/reduced,completed,71,69,68
224,Killy,Fulk,122.220.110.122,male,group C,some college,standard,none,40,33,34
225,Coralie,Yewman,118.200.23.223,female,group E,some college,standard,none,53,60,57
226,Cello,Llewellyn,174.0.127.242,male,group D,high school,free/reduced,none,56,72,64
227,Rodolphe,Fallon,140.53.213.203,male,group E,associate's degree,free/reduced,none,59,59,52
228,Erv,Scrimshire,246.29.136.81,male,group B,associate's degree,standard,none,81,80,79
229,Anita,Ruckman,219.66.198.232,female,group C,some high school,standard,none,72,86,83
230,Murdock,Syce,24.15.54.188,male,group A,associate's degree,free/reduced,completed,78,86,87
231,Codie,Adrian,80.108.198.207,male,group A,some high school,standard,none,69,61,56
232,Roderick,Ailmer,19.135.111.207,male,group A,some college,free/reduced,none,62,68,56
233,Junie,Sandell,229.9.112.192,female,group B,some high school,free/reduced,completed,60,76,75
234,Dennie,Huton,19.157.39.141,female,group A,bachelor's degree,standard,none,41,58,58
235,Wilhelm,Sneesby,31.116.144.225,male,group C,bachelor's degree,standard,none,61,57,61
236,Marty,Lomansey,191.158.5.164,male,group C,some high school,standard,completed,77,78,77
237,Guillema,Huddart,121.77.207.3,female,group B,bachelor's degree,free/reduced,completed,51,53,60
238,Conney,Klammt,195.149.168.49,male,group C,associate's degree,free/reduced,completed,56,53,56
239,Giovanna,Viscovi,204.35.126.238,female,group A,bachelor's degree,standard,completed,76,90,90
240,Joann,Mix,237.96.178.243,female,group C,some high school,standard,completed,65,77,76
241,Noelyn,Andreopolos,196.144.174.28,female,group A,bachelor's degree,standard,none,69,75,73
242,Indira,Farry,38.124.148.185,female,group A,some high school,standard,completed,55,73,68
243,Elberta,Goodright,132.247.31.197,female,group B,some college,standard,none,67,71,69
244,Tim,De Goey,28.62.153.11,male,group D,high school,standard,none,64,70,67
245,Donovan,Whisson,140.63.4.247,male,group B,associate's degree,standard,none,73,66,63
246,Rani,Pipe,53.217.65.225,female,group E,some high school,standard,none,54,58,49
247,Cally,Truran,132.190.58.85,female,group B,high school,free/reduced,completed,45,55,61
248,Hewie,Densell,216.48.198.241,male,group C,some high school,standard,none,78,72,62
249,Fowler,MacNair,99.243.86.149,male,group C,high school,free/reduced,completed,71,83,75
250,Danette,Myrtle,180.56.13.118,female,group D,some college,standard,none,59,74,68
251,Marilyn,Scase,149.64.61.72,female,group A,some college,standard,none,67,63,75
252,Homere,Mongan,235.86.50.131,male,group D,associate's degree,standard,completed,46,54,54
253,Maris,Masi,245.109.221.143,female,group D,high school,free/reduced,none,51,70,60
254,Karon,Foucar,156.127.46.13,female,group D,high school,free/reduced,completed,69,81,87
255,Cass,Ankrett,50.204.112.213,female,group D,associate's degree,standard,none,62,69,65
256,Cameron,Primrose,187.54.107.191,male,group D,some high school,standard,none,65,59,57
257,Norris,Clemitt,237.247.81.186,male,group C,some high school,standard,completed,83,80,78
258,Rodd,Mattaus,236.236.244.192,male,group D,high school,standard,none,61,58,55
259,Teador,Prester,6.82.212.132,male,group A,some college,free/reduced,completed,51,38,42
260,Chelsie,Moylan,160.144.71.118,female,group C,high school,standard,none,73,92,81
261,Sabina,Gregoletti,222.23.114.173,female,group D,associate's degree,free/reduced,completed,64,75,74
262,Ulick,Krolak,37.231.212.29,male,group C,master's degree,free/reduced,none,68,69,64
263,Mattias,Jones,195.157.145.215,male,group C,high school,standard,completed,69,61,65
264,Skipton,Penwell,41.89.93.224,male,group E,high school,free/reduced,none,61,47,43
265,Ladonna,Sarvar,20.136.139.75,female,group A,some high school,standard,none,80,82,74
266,Melisenda,Chisholm,43.218.114.218,female,group A,some college,standard,none,67,74,69
267,Kerwin,Ingraham,181.189.156.86,male,group B,some high school,free/reduced,completed,72,65,61
268,Donavon,Arnould,124.174.26.233,male,group D,high school,standard,completed,91,86,79
269,Noelle,Perl,182.103.16.169,female,group B,high school,standard,none,55,55,59
270,Colly,Radbond,99.201.80.101,female,group D,high school,free/reduced,completed,51,60,55
271,Dav,Andrichuk,241.74.159.149,male,group E,associate's degree,standard,none,73,60,56
272,Pablo,Yeoman,182.203.244.248,male,group D,some high school,free/reduced,completed,40,41,38
273,Suellen,Dunniom,18.238.85.255,female,group E,some high school,standard,completed,69,73,79
274,Alden,Bickford,246.183.186.163,male,group E,high school,standard,none,78,67,56
275,Evan,Dismore,146.89.153.27,male,group B,some college,free/reduced,completed,43,50,50
276,Neysa,Hirtz,20.149.85.200,female,group D,bachelor's degree,standard,completed,95,100,100
277,Bernadene,Fockes,40.51.21.48,female,group B,associate's degree,standard,none,81,94,93
278,Nikolas,Mounch,211.235.194.45,male,group C,master's degree,free/reduced,completed,57,58,60
279,Guthrie,Fibbings,148.156.249.1,male,group C,bachelor's degree,standard,completed,67,66,71
280,Dudley,Bodega,160.233.175.6,male,group B,high school,standard,none,70,62,56
281,Reggie,Brookshaw,11.233.245.194,female,group C,master's degree,standard,none,83,87,89
282,Gabriel,Caught,34.89.219.165,male,group C,high school,standard,none,58,69,58
283,Tiffany,Swadlinge,63.108.78.23,female,group A,associate's degree,standard,completed,88,99,99
284,Steve,Goscar,55.111.139.220,male,group D,associate's degree,standard,none,92,90,86
285,Gris,Bootyman,97.250.121.188,male,group C,some college,free/reduced,none,65,72,62
286,Graeme,Wilkes,160.127.60.123,male,group C,master's degree,free/reduced,completed,52,55,53
287,Reynolds,Djokic,225.117.216.95,male,group E,high school,standard,none,57,59,49
288,Mikkel,Haskins,88.61.153.41,male,group B,high school,standard,completed,77,71,72
289,Esmeralda,Pudge,46.160.28.64,female,group C,master's degree,standard,none,64,77,78
290,Anabella,Bes,239.239.199.177,female,group C,high school,standard,none,87,83,82
291,Marlow,Tomet,29.132.40.93,male,group B,some college,standard,none,66,52,53
292,Dougy,Suermeiers,141.100.252.172,male,group C,some high school,standard,none,74,66,64
293,Leshia,Aldersea,110.70.228.63,female,group E,some college,free/reduced,none,83,98,89
294,Roscoe,Hadgraft,243.251.129.106,male,group B,high school,standard,completed,90,80,85
295,Audrie,Slamaker,23.18.56.86,female,group C,bachelor's degree,free/reduced,none,77,85,88
296,Millicent,Joyce,180.156.141.137,female,group E,associate's degree,free/reduced,none,76,81,74
297,Abramo,Porritt,205.221.229.177,male,group C,some college,free/reduced,none,53,49,46
298,Carry,Sheasby,169.97.230.178,female,group C,some high school,standard,completed,45,59,60
299,Rustin,Breckell,68.19.27.254,male,group C,some high school,standard,none,50,43,39
300,Fair,Walisiak,122.143.176.142,male,group D,high school,standard,completed,89,76,76
301,Chevalier,Trim,231.45.38.184,male,group C,bachelor's degree,standard,completed,100,100,100
302,Phillie,Seabrocke,86.46.56.226,female,group B,bachelor's degree,standard,none,70,89,84
303,Eula,Treker,69.211.144.253,female,group C,some high school,free/reduced,none,22,34,30
304,Francois,Brealey,159.176.254.206,male,group E,high school,standard,completed,84,73,75
305,Vanessa,Risborough,167.36.109.238,female,group C,high school,standard,none,57,70,65
306,Vincents,Ainslee,82.137.154.9,male,group E,some college,standard,none,90,86,84
307,Samuel,Stebles,138.159.126.94,male,group D,some high school,free/reduced,completed,79,76,80
308,Thorstein,Scarffe,107.243.69.187,male,group D,some high school,free/reduced,none,53,47,47
309,Vivianne,Blaydes,143.77.127.0,female,group D,bachelor's degree,standard,none,59,50,64
310,Cherrita,Gercke,31.51.226.71,female,group B,some college,free/reduced,completed,63,84,85
311,Christabella,Stidworthy,239.171.194.2,female,group B,bachelor's degree,free/reduced,completed,53,62,67
312,Kati,Shillington,162.68.92.50,female,group E,bachelor's degree,standard,none,76,80,78
313,Sterling,Cristobal,221.145.117.210,male,group C,bachelor's degree,standard,completed,86,86,89
314,Stormie,Eccleshare,219.198.41.151,female,group D,some college,free/reduced,completed,72,80,81
315,Deane,Morhall,11.92.41.79,male,group A,some high school,free/reduced,none,46,46,41
316,Kristin,Bortolozzi,37.48.87.23,female,group E,associate's degree,standard,none,72,69,70
317,Simon,Halsall,53.50.58.170,male,group E,associate's degree,standard,none,71,62,59
318,Felipa,Skeates,27.194.208.15,female,group A,some college,standard,completed,76,85,87
319,Weylin,Gillopp,71.204.64.99,male,group A,some college,free/reduced,none,72,64,58
320,Marcela,Birt,224.88.185.109,female,group C,some high school,free/reduced,none,71,78,72
321,Florie,Kitchaside,70.150.98.109,female,group D,some college,standard,none,63,66,58
322,Artemas,Wonfor,15.14.186.104,male,group B,bachelor's degree,free/reduced,completed,62,72,59
323,Lynde,McIlwraith,171.29.122.8,female,group C,high school,free/reduced,none,61,72,64
324,Mariska,McGavin,40.80.166.117,female,group D,some high school,standard,none,70,70,68
325,Delmor,Faley,84.38.83.65,male,group B,some high school,free/reduced,none,63,62,60
326,Lenka,Ferrant,181.72.146.96,female,group E,associate's degree,free/reduced,completed,80,83,85
327,Asa,Vigors,214.2.132.223,male,group E,bachelor's degree,free/reduced,completed,76,69,67
328,Ewen,Ruthven,0.221.86.8,male,group B,associate's degree,standard,completed,72,57,64
329,Nerti,Bicheno,109.148.235.88,female,group C,bachelor's degree,standard,none,60,60,65
330,Thedrick,Singh,166.5.109.1,male,group C,associate's degree,free/reduced,none,62,55,56
331,Alvin,Gatus,189.245.79.218,male,group A,high school,free/reduced,none,42,53,44
332,Tomas,De Rye Barrett,13.131.184.241,male,group C,master's degree,free/reduced,none,50,53,48
333,Leoline,Clubley,202.201.118.255,female,group D,bachelor's degree,standard,none,76,76,86
334,Tarah,Curds,10.97.28.0,female,group C,bachelor's degree,free/reduced,completed,73,77,78
335,Kaja,Sturges,12.125.176.103,female,group C,some college,standard,none,69,77,78
336,Alvin,Ilieve,150.68.224.30,male,group D,some college,standard,completed,92,81,82
337,Gage,Newton,214.11.129.157,male,group B,high school,free/reduced,none,52,47,50
338,Merissa,Kightly,179.52.138.160,female,group D,associate's degree,standard,none,45,58,56
339,Grata,Marchello,38.149.239.208,female,group E,some high school,standard,none,86,89,84
340,Jaime,Karpushkin,160.49.228.234,male,group C,some high school,free/reduced,completed,44,51,48
341,Emelina,Castan,52.250.91.237,female,group C,some high school,standard,completed,69,79,87
342,Orion,Hufton,127.245.170.139,male,group B,high school,free/reduced,none,71,74,66
343,Brodie,Bettington,210.84.28.139,male,group A,high school,standard,none,74,67,69
344,Clem,Urridge,126.172.57.237,male,group E,associate's degree,standard,completed,87,71,70
345,Rhiamon,Ovill,245.191.166.96,female,group D,high school,free/reduced,none,61,64,70
346,Blakelee,Maine,58.59.13.85,female,group E,some high school,standard,none,86,85,80
347,Allis,Clilverd,238.134.29.152,female,group D,some high school,free/reduced,none,21,40,34
348,Chloris,Call,61.104.233.142,female,group D,associate's degree,standard,none,51,49,49
349,Grata,Heister,158.189.146.135,female,group C,some college,free/reduced,none,33,39,37
350,Wood,Heady,247.235.92.48,male,group E,some college,standard,none,81,72,66
351,Dacy,Gillon,123.28.206.50,female,group A,some high school,free/reduced,completed,48,54,52
352,Abbott,McGeady,235.146.110.83,male,group C,some college,standard,completed,80,78,73
353,Glenna,McDonald,132.119.217.62,female,group C,high school,standard,none,39,47,47
354,Angie,Demaid,195.86.26.216,male,group E,some college,standard,none,97,87,85
355,Justinian,Rosenstengel,133.172.252.225,male,group D,bachelor's degree,standard,none,72,61,66
356,Douglass,McMeekin,175.219.191.150,male,group C,some college,standard,completed,82,75,71
357,Erskine,Eskrigge,219.82.80.219,male,group E,associate's degree,free/reduced,none,82,74,66
358,Barnett,Naisey,78.70.240.144,male,group B,some high school,free/reduced,none,49,58,48
359,Bartram,Cheng,107.225.135.248,male,group B,some college,standard,completed,94,84,83
360,Lesley,Canniffe,5.19.226.167,female,group E,some college,standard,completed,89,100,100
361,Lavinie,Brea,251.169.194.45,female,group D,high school,standard,none,70,66,67
362,Yevette,Bourgourd,92.92.111.178,female,group C,associate's degree,free/reduced,completed,49,65,61
363,Zechariah,Hindes,41.183.125.104,male,group C,high school,free/reduced,none,36,44,34
364,Odo,Harroll,115.152.149.120,male,group D,high school,standard,none,78,65,65
365,Catha,Dilston,18.94.77.194,female,group B,some college,free/reduced,none,61,76,70
366,Ingrid,Bridewell,213.93.94.2,female,group D,high school,standard,none,64,80,82
367,Kelwin,Poles,173.165.208.105,male,group C,bachelor's degree,standard,none,76,76,75
368,Berenice,Brigham,131.58.61.41,female,group D,some high school,standard,none,70,90,82
369,Katharine,Fletcher,13.201.90.176,female,group B,high school,standard,completed,57,76,74
370,Eddy,Linggard,155.185.97.90,male,group E,high school,standard,none,72,59,56
371,Myles,Dudny,6.10.35.199,male,group C,some high school,free/reduced,none,66,66,54
372,Mahalia,Filipovic,225.123.6.51,female,group C,associate's degree,standard,none,77,85,84
373,Andriette,Bugden,231.187.206.69,female,group C,bachelor's degree,free/reduced,none,38,58,48
374,Robbyn,Wattinham,146.59.233.202,female,group B,some college,free/reduced,none,70,84,85
375,Kippie,Cristofalo,113.119.59.42,male,group C,some high school,free/reduced,completed,60,76,74
376,Marleen,Mowday,31.127.180.106,female,group C,associate's degree,standard,none,57,74,68
377,Feodora,Wickstead,36.244.253.178,female,group D,high school,standard,completed,63,66,75
378,Mag,Crennan,222.110.118.73,female,group C,some college,free/reduced,none,46,55,59
379,Ingamar,Chese,200.73.36.237,male,group E,some high school,standard,none,71,69,59
380,Andi,Emberson,234.170.147.62,female,group C,some college,free/reduced,completed,76,83,82
381,Genovera,Franca,30.68.109.129,female,group D,some high school,standard,none,61,65,63
382,Inglis,Ramstead,157.106.41.29,male,group B,some college,free/reduced,none,52,51,46
383,Imelda,Tollett,97.73.9.215,female,group B,some high school,free/reduced,none,35,51,46
384,Cornelia,Germann,125.32.203.108,female,group C,associate's degree,standard,none,79,80,77
385,Renata,Faltin,61.176.126.25,female,group C,associate's degree,free/reduced,none,70,94,88
386,Zaccaria,Elmer,194.94.118.249,male,group C,bachelor's degree,standard,completed,81,74,72
387,Fran,August,242.92.120.122,female,group C,some college,standard,none,68,71,72
388,Lynnelle,Goalby,209.184.87.117,female,group C,some college,standard,none,74,77,81
389,Marcy,Hedlestone,225.228.227.190,female,group E,associate's degree,standard,none,58,58,60
390,Vinny,Ellins,166.18.14.159,male,group D,high school,free/reduced,none,58,59,52
391,Viviyan,Kuhnt,118.81.62.12,female,group E,master's degree,free/reduced,none,58,69,72
392,Tiff,Jiras,135.150.112.146,female,group E,some high school,standard,none,86,96,91
393,Phip,Morey,48.94.49.91,male,group C,some high school,standard,none,67,51,49
394,Kippie,Lethlay,198.142.119.136,male,group D,high school,standard,completed,66,62,67
395,Dex,Paradis,143.9.253.62,male,group C,bachelor's degree,standard,completed,79,65,70
396,Florella,Zanni,193.55.215.167,female,group B,associate's degree,standard,none,63,75,70
397,Dorene,Vanichkov,235.159.254.87,female,group C,associate's degree,free/reduced,none,62,68,67
398,Gunner,Mangan,146.193.183.42,male,group C,high school,standard,completed,63,55,61
399,Alva,Jodkowski,147.85.84.222,male,group E,some high school,standard,none,66,64,62
400,Cece,Janny,195.218.97.73,male,group C,some college,standard,completed,68,67,71
401,Leelah,Wherrett,202.169.201.74,female,group D,associate's degree,standard,none,83,94,93
402,Daveta,Curro,148.226.139.50,female,group D,some college,free/reduced,none,47,64,62
403,Belita,Rodder,112.132.124.179,female,group C,high school,standard,none,49,57,55
404,Templeton,Durbridge,129.61.84.53,male,group D,high school,free/reduced,completed,52,46,52
405,Barnebas,Robbe,97.203.183.196,male,group D,some college,standard,none,100,90,88
406,Mateo,Judron,35.176.80.249,male,group C,high school,free/reduced,none,47,57,51
407,Greer,Bentall,78.147.117.233,female,group B,associate's degree,standard,none,54,58,56
408,Clemence,Tremellan,15.220.55.247,female,group C,some high school,standard,none,50,51,55
409,Derwin,Bedder,175.195.220.218,male,group E,associate's degree,standard,none,80,76,75
410,Mar,Varvara,111.177.114.12,male,group D,some college,standard,completed,90,82,78
411,Chalmers,Brinkworth,94.207.183.72,male,group C,master's degree,standard,none,69,75,71
412,Torre,Inglesfield,70.154.185.208,male,group D,high school,standard,completed,70,69,72
413,Ade,Beams,81.118.142.249,male,group C,some college,free/reduced,completed,66,73,73
414,Constantine,Todman,66.190.94.144,female,group B,associate's degree,standard,none,48,61,61
415,Ellie,Conry,13.213.252.93,female,group C,high school,free/reduced,completed,58,68,69
416,Marie-ann,Bogart,209.138.72.35,female,group C,some college,standard,none,77,83,72
417,Lyndsay,Chaundy,230.96.249.188,female,group B,some college,free/reduced,completed,54,67,70
418,Yuma,Poundesford,237.131.212.120,male,group B,high school,standard,none,72,71,61
419,Zeke,Ondrusek,184.204.232.204,male,group D,high school,standard,none,56,52,48
420,Tim,Gildroy,76.19.233.93,female,group D,high school,standard,none,85,91,87
421,Cacilie,Tregoning,171.248.159.136,female,group D,some high school,standard,none,65,69,71
422,Alard,Spurett,190.114.43.140,male,group D,high school,free/reduced,completed,33,42,34
423,Willette,Charlesworth,223.143.47.14,female,group C,some college,standard,none,72,67,72
424,Burlie,Lankham,233.91.249.251,male,group C,some high school,standard,completed,54,51,53
425,Warde,Di Boldi,18.70.183.77,male,group C,some college,free/reduced,none,63,58,61
426,Fredric,Crepin,227.237.248.100,male,group C,high school,standard,none,51,56,47
427,Ludwig,Hallbord,55.181.135.233,male,group C,bachelor's degree,free/reduced,none,71,68,63
428,Ania,Furmedge,225.193.163.65,female,group C,high school,free/reduced,completed,53,60,63
429,Durand,Pressnell,4.29.25.90,male,group C,bachelor's degree,standard,none,56,62,62
430,Analiese,Dibner,227.30.43.151,female,group C,high school,standard,none,82,88,83
431,Milicent,Wilcocke,159.251.127.235,female,group D,master's degree,free/reduced,completed,64,78,83
432,Carrol,Shuttleworth,175.82.29.125,male,group D,high school,standard,completed,72,68,70
433,Fax,Bone,75.67.104.63,male,group D,some high school,standard,none,54,56,55
434,Banky,Brydone,230.39.69.44,male,group C,associate's degree,standard,none,66,66,58
435,Chance,Carrel,73.95.219.159,male,group E,bachelor's degree,free/reduced,none,97,87,84
436,Foss,Suckling,77.73.193.71,male,group C,high school,standard,none,70,56,52
437,Lotta,Fance,42.194.202.157,female,group E,some high school,standard,none,70,67,60
438,Morris,Pickering,157.162.129.151,male,group C,some college,free/reduced,completed,64,78,72
439,Shaun,Rops,69.65.193.189,male,group B,some college,standard,none,64,58,51
440,Kristen,Click,235.114.28.64,female,group C,some college,standard,none,57,80,70
441,Kayne,Masden,23.73.72.243,male,group B,some high school,free/reduced,none,74,63,64
442,Killy,Lathaye,197.83.221.54,male,group C,bachelor's degree,standard,none,62,67,68
443,Gallard,Bonnett,195.125.21.28,male,group A,high school,standard,completed,64,57,53
444,Derick,Parcall,235.36.75.138,male,group C,high school,free/reduced,none,55,52,51
445,Doroteya,Critzen,98.215.116.90,female,group B,associate's degree,free/reduced,none,43,50,53
446,Granger,McPhillips,231.30.172.82,male,group C,some high school,free/reduced,none,53,53,51
447,Murry,Jeavons,37.0.127.121,male,group C,bachelor's degree,standard,none,58,44,47
448,Kit,Bleakley,23.157.70.204,male,group C,associate's degree,free/reduced,completed,70,73,71
449,Teodoro,Belasco,20.245.94.147,male,group C,some college,standard,completed,61,61,59
450,Odele,Aizik,68.79.149.143,female,group D,some high school,standard,none,69,81,78
451,Elizabet,Inman,8.124.36.88,female,group B,bachelor's degree,free/reduced,none,59,69,68
452,Ede,Dunlea,179.19.33.49,female,group C,high school,standard,completed,62,71,67
453,Rosalynd,Veasey,220.255.77.210,female,group B,bachelor's degree,free/reduced,none,24,47,42
454,Maritsa,Zuppa,138.143.194.125,female,group D,associate's degree,standard,none,82,81,89
455,Miof mela,Winfindale,133.216.116.191,female,group D,some high school,standard,none,67,72,79
456,Rica,Huitson,208.233.97.253,female,group E,some high school,standard,none,81,80,82
457,Raleigh,Kernan,121.87.25.113,male,group D,bachelor's degree,standard,none,71,63,61
458,Torey,Tetley,48.143.113.214,male,group C,associate's degree,free/reduced,completed,41,32,32
459,Britta,Crow,16.65.94.121,female,group B,bachelor's degree,standard,none,55,59,60
460,Lynett,Lewer,244.28.219.37,female,group B,associate's degree,standard,none,52,51,49
461,Onida,Bartolini,118.209.91.86,female,group D,associate's degree,standard,none,74,81,81
462,Magdalena,Kase,66.4.79.53,female,group D,bachelor's degree,free/reduced,none,78,84,80
463,Rafferty,Gable,221.180.11.150,male,group B,some college,free/reduced,none,61,62,65
464,Rosemaria,Pedder,171.66.43.47,female,group D,associate's degree,standard,none,63,75,74
465,Thedric,Holston,60.37.56.77,male,group A,high school,standard,none,90,85,77
466,Christophe,Cridlin,140.139.75.47,male,group D,associate's degree,standard,completed,91,98,98
467,Estrellita,Trahearn,140.182.133.65,female,group E,high school,standard,none,81,86,77
468,Fairfax,Ionn,9.247.14.106,male,group D,master's degree,free/reduced,none,81,88,82
469,Edward,Eke,172.71.188.125,male,group C,associate's degree,standard,none,89,81,84
470,Clemens,Ferrettino,155.78.157.252,male,group D,some high school,free/reduced,none,34,43,41
471,Rollie,Cuthbert,103.208.136.43,male,group E,high school,free/reduced,none,77,72,73
472,Timmie,Else,45.112.9.79,male,group C,associate's degree,standard,none,67,56,53
473,Debbi,Grisard,89.251.60.1,female,group E,some college,standard,none,83,83,84
474,Mersey,Humbert,65.181.200.27,female,group D,some high school,standard,completed,49,67,72
475,Orelia,Swyne,151.172.175.85,female,group C,associate's degree,standard,none,62,57,57
476,Blythe,Bifield,171.132.12.48,female,group D,associate's degree,free/reduced,completed,62,77,84
477,Mallissa,Glackin,247.19.230.111,female,group C,some college,free/reduced,none,50,68,63
478,Fidel,Launder,10.83.244.46,male,group E,bachelor's degree,standard,completed,85,67,74
479,Rickie,Muirhead,82.159.32.120,female,group B,some high school,standard,none,50,66,59
480,Kelley,Burmaster,154.129.150.247,female,group A,associate's degree,standard,none,73,78,80
481,Tulley,Edgell,57.23.16.226,male,group B,bachelor's degree,free/reduced,none,60,76,70
482,Morie,Terrans,217.104.187.84,male,group C,some college,standard,completed,72,60,61
483,Clemmie,Straine,189.43.57.194,male,group E,bachelor's degree,standard,none,100,93,87
484,Wilek,Vigar,95.248.253.4,male,group C,some college,standard,completed,97,89,91
485,Rozelle,Muglestone,123.218.223.247,female,group D,some high school,free/reduced,none,78,83,82
486,Stephana,Quennell,191.187.95.152,female,group E,associate's degree,standard,none,80,89,85
487,Tades,Merrin,233.136.167.26,male,group A,high school,free/reduced,completed,66,55,56
488,Geoffry,Lotterington,164.17.131.199,male,group D,associate's degree,standard,none,85,77,77
489,Findley,Eatherton,136.50.125.127,male,group C,high school,standard,completed,72,74,76
490,Danika,Lumbley,126.10.104.33,female,group E,bachelor's degree,free/reduced,none,77,87,88
491,Robbert,Smidmoor,242.247.39.166,male,group B,bachelor's degree,standard,completed,83,80,73
492,Boony,Josephov,46.162.155.78,male,group D,some college,standard,none,57,59,52
493,Hulda,Gullick,66.105.95.220,female,group C,some college,free/reduced,completed,58,66,73
494,Jerrylee,Shelmardine,237.28.78.90,female,group C,master's degree,standard,none,79,90,88
495,Raymond,Gonthier,213.61.76.158,male,group B,bachelor's degree,free/reduced,none,64,63,56
496,Dominica,Cruz,238.3.86.20,female,group D,associate's degree,standard,completed,73,78,88
497,Ham,Radin,51.11.61.146,male,group B,some high school,free/reduced,none,26,32,23
498,Flore,Smalcombe,52.251.101.228,female,group D,master's degree,standard,completed,77,87,91
499,Monro,Philippou,203.240.138.23,male,group C,associate's degree,standard,completed,61,66,61
500,Nady,Larvor,112.194.81.71,female,group D,some college,free/reduced,none,42,54,56
501,Naomi,Spurr,245.211.231.105,female,group C,some high school,standard,none,51,55,53
502,Suzanna,Bloyes,243.198.164.205,female,group B,high school,standard,completed,71,71,78
503,Phyllys,Pusill,29.46.72.213,female,group C,some college,free/reduced,none,54,56,62
504,Hatti,McKerley,99.171.18.194,female,group C,some high school,standard,none,51,64,65
505,Culley,Stallworthy,175.215.68.41,male,group C,associate's degree,free/reduced,completed,59,65,63
506,Archie,Peealess,149.220.236.234,male,group D,master's degree,free/reduced,completed,43,48,49
507,Martin,Brader,216.39.137.3,male,group A,high school,standard,none,71,68,63
508,Christos,De Roberto,186.17.188.181,male,group A,high school,free/reduced,none,48,46,36
509,Yancey,Silvester,163.30.48.84,male,group A,associate's degree,free/reduced,completed,48,40,46
510,Karry,Olander,74.88.201.52,female,group D,associate's degree,standard,none,88,98,100
511,Susie,Chasmoor,108.60.166.141,female,group C,some high school,standard,completed,67,73,81
512,Benedicta,Vuitton,168.68.222.62,female,group E,associate's degree,standard,none,89,98,100
513,Lillian,Pluck,201.240.175.63,female,group B,some college,free/reduced,completed,45,65,65
514,Conan,Mattusevich,173.120.166.45,male,group C,master's degree,standard,completed,71,75,72
515,Jessey,Macguire,84.113.162.162,male,group C,some high school,standard,completed,72,66,63
516,Victoir,Joel,217.125.112.229,male,group C,associate's degree,free/reduced,none,58,56,49
517,Eadie,Free,122.253.116.195,female,group B,some high school,free/reduced,none,40,49,44
518,Wheeler,Rutland,182.185.177.210,male,group C,high school,free/reduced,completed,76,71,65
519,Olenolin,Balleine,146.247.238.238,male,group B,some high school,standard,none,83,80,81
520,Tobe,Johnke,178.124.185.107,male,group E,some high school,free/reduced,none,60,62,51
521,Byrle,Camilio,229.174.111.239,male,group D,some high school,free/reduced,completed,49,49,55
522,Saw,Grenter,56.17.164.184,male,group A,associate's degree,standard,completed,98,98,93
523,Maurizio,Hanrahan,199.69.43.196,male,group D,some college,standard,none,74,77,76
524,Holt,Beves,218.5.86.216,male,group B,high school,standard,completed,52,54,48
525,Jammal,Nijs,197.60.35.173,male,group D,associate's degree,standard,none,85,82,79
526,Chester,Hooke,251.156.214.37,male,group C,some college,free/reduced,completed,83,84,86
527,Emmalee,Gait,220.57.130.229,female,group B,associate's degree,free/reduced,completed,52,73,76
528,Jodee,Ewell,222.132.192.66,female,group C,some college,standard,none,53,62,60
529,Edgard,Urien,119.65.89.126,male,group B,some high school,standard,none,73,72,67
530,Dagmar,Emby,228.27.142.112,female,group C,associate's degree,standard,none,33,38,33
531,Alain,Burbury,10.175.10.94,male,group D,bachelor's degree,standard,none,92,92,87
532,Uta,Hassey,93.181.102.155,female,group C,some high school,standard,completed,76,79,81
533,Myra,Rottery,140.71.217.147,female,group D,master's degree,standard,completed,67,79,89
534,Estrella,Pontain,186.68.33.9,female,group D,some college,standard,none,77,72,73
535,Britta,Dawnay,219.253.55.66,female,group B,associate's degree,free/reduced,none,61,71,60
536,Annamarie,Coale,169.149.33.217,female,group A,high school,standard,completed,72,86,85
537,Rick,Humphris,226.218.110.29,male,group C,associate's degree,standard,none,56,61,53
538,Oralla,Ellor,63.3.178.201,female,group C,bachelor's degree,standard,completed,78,84,84
539,Vachel,Cullen,2.158.123.248,male,group D,high school,free/reduced,none,70,73,70
540,Vinny,Gaythorpe,160.222.121.44,female,group A,master's degree,standard,none,61,66,70
541,Lelah,Duckitt,197.196.200.122,female,group C,some high school,standard,completed,39,56,58
542,Lavina,Duddle,25.238.126.64,female,group D,some college,standard,completed,65,77,75
543,Kane,Malbon,144.28.4.47,male,group C,high school,free/reduced,none,55,60,57
544,Dicky,Simonato,188.140.1.167,male,group E,some college,free/reduced,none,71,61,59
545,Anna-maria,Reeders,95.209.116.140,female,group C,some high school,standard,completed,57,62,64
546,Rheba,Parsons,104.89.138.13,female,group C,associate's degree,standard,none,66,74,69
547,Randie,Bastock,159.43.248.132,male,group D,bachelor's degree,standard,none,82,82,78
548,Lana,Davys,69.211.40.230,female,group D,some college,standard,completed,65,75,77
549,Catina,Orpyne,106.160.213.198,female,group E,some college,standard,none,100,98,98
550,Curtice,Kolodziejski,189.10.92.184,male,group D,associate's degree,standard,none,95,84,88
551,Gerty,Dillamore,182.157.106.181,female,group A,associate's degree,free/reduced,none,55,70,63
552,Ripley,Tarry,166.192.87.163,male,group E,high school,free/reduced,completed,68,64,66
553,Martelle,Bednall,104.50.240.78,female,group E,some high school,standard,completed,78,79,84
554,Stern,Buscombe,70.43.154.37,male,group C,some high school,standard,none,63,63,54
555,Ellwood,Commander,3.110.49.62,male,group D,bachelor's degree,standard,none,62,59,55
556,Kendal,Mundwell,149.219.15.252,male,group C,high school,standard,none,58,46,36
557,Kelsi,Whitehouse,9.11.84.201,female,group D,some high school,standard,none,57,57,59
558,Corby,Bolte,215.207.87.28,male,group B,associate's degree,standard,completed,74,68,75
559,Georgine,Torvey,137.100.195.2,female,group C,some college,standard,none,67,69,68
560,Carilyn,Hammor,220.54.105.251,female,group D,high school,standard,none,48,69,69
561,Demetris,Cisco,130.221.150.77,male,group D,some high school,standard,none,51,41,38
562,Jacquetta,Janus,24.3.67.173,female,group C,master's degree,standard,none,63,70,69
563,Connor,MacNeill,222.244.45.206,male,group C,associate's degree,free/reduced,completed,66,73,69
564,Ermengarde,Follett,28.107.148.224,female,group D,some high school,standard,none,58,61,63
565,Giffy,Feitosa,206.30.152.222,male,group C,associate's degree,standard,none,80,77,78
566,Crissie,Ishchenko,184.199.41.38,female,group D,some college,free/reduced,completed,51,53,59
567,Lyndy,Kenright,245.39.50.18,female,group E,bachelor's degree,standard,none,59,68,58
568,Clarisse,Adin,143.116.173.208,female,group E,some college,standard,none,86,84,83
569,Bevan,Eagan,18.227.38.199,male,group A,associate's degree,standard,none,59,56,60
570,Raphael,Carr,146.101.231.209,male,group D,some high school,standard,completed,80,76,80
571,Alick,Cowhig,157.157.252.27,male,group C,high school,free/reduced,none,67,73,61
572,Elisabet,Loads,212.120.172.95,female,group C,some college,free/reduced,completed,35,41,41
573,Paulette,Tommasetti,249.104.39.212,female,group E,bachelor's degree,standard,none,80,78,79
574,Eyde,MacShane,186.241.242.69,female,group C,some college,standard,none,87,84,86
575,Joane,Streeting,179.68.212.196,female,group C,associate's degree,standard,none,72,87,82
576,Filippa,Conachy,63.111.67.100,female,group D,some high school,standard,completed,84,91,96
577,Glenine,Lillico,152.172.156.36,female,group B,high school,free/reduced,completed,24,46,44
578,Dex,Dunphie,167.247.207.98,male,group C,some college,free/reduced,none,65,62,58
579,Candi,Barrat,122.86.51.131,female,group C,some college,standard,completed,75,71,74
580,Danni,Lomasny,52.168.97.30,female,group E,master's degree,free/reduced,none,75,88,82
581,Aarika,Senten,135.109.199.216,female,group C,high school,standard,none,73,77,65
582,Nancy,Le Sarr,72.28.75.160,female,group E,high school,standard,completed,81,87,81
583,Gardner,Surmon,12.35.83.136,male,group C,some high school,free/reduced,none,49,52,45
584,Ilario,Greenroad,109.46.237.140,male,group D,high school,free/reduced,none,43,48,46
585,Giraldo,Speechly,5.232.217.48,male,group C,master's degree,free/reduced,none,64,65,67
586,Pinchas,Stidworthy,47.140.192.196,male,group A,some high school,free/reduced,none,34,26,25
587,Catriona,Ephgrave,243.233.29.74,female,group D,some high school,free/reduced,completed,56,58,69
588,Cosmo,Tungay,136.181.181.188,male,group E,some high school,standard,completed,100,89,86
589,Bartholomeo,Torald,33.255.66.45,male,group D,master's degree,free/reduced,none,64,56,57
590,Zane,Satterlee,247.125.50.142,male,group B,some high school,free/reduced,none,64,67,57
591,Jorie,Hrihorovich,105.188.41.59,female,group C,high school,free/reduced,none,46,48,44
592,Devin,Harnwell,239.124.233.30,female,group B,some high school,free/reduced,none,46,70,61
593,Margaux,Fish,175.166.196.69,female,group C,master's degree,standard,none,56,65,66
594,Gabie,Andrzejczak,32.166.132.84,female,group C,high school,free/reduced,none,60,68,66
595,Mortie,Radenhurst,177.137.200.37,male,group C,some college,standard,none,57,42,48
596,Gage,O'Looney,116.135.12.44,male,group C,high school,standard,none,47,39,41
597,Perrine,Rubenovic,129.158.120.217,female,group C,some college,standard,completed,87,88,100
598,Cord,Readmire,59.46.39.109,male,group C,master's degree,standard,completed,88,82,88
599,Adolphe,O'Neil,248.86.175.93,male,group E,some high school,standard,none,49,48,40
600,Darelle,Adamini,3.105.104.225,female,group A,associate's degree,standard,none,34,48,46
601,Natalie,Wilcockes,62.156.205.91,female,group C,associate's degree,standard,none,83,92,92
602,Nichole,Cordell,48.210.22.47,female,group B,some college,free/reduced,none,49,59,60
603,Shayla,Linnitt,220.128.15.35,female,group C,some high school,standard,none,77,89,85
604,Windy,Goodsall,118.209.162.136,female,group C,some college,standard,none,59,71,64
605,Cob,Jeeves,232.122.96.192,male,group B,associate's degree,standard,completed,84,88,84
606,Jorgan,Elegood,234.9.36.105,male,group D,some college,free/reduced,none,45,49,41
607,Marve,de Zamora,161.194.11.238,male,group E,associate's degree,free/reduced,none,71,74,68
608,Ron,Double,185.127.22.158,male,group B,some high school,free/reduced,completed,78,70,71
609,Merrili,Meneyer,12.127.213.189,female,group C,associate's degree,free/reduced,none,39,54,45
610,Jennica,Duffett,107.191.217.105,female,group E,some high school,standard,completed,94,93,94
611,Callean,Creamen,126.85.1.98,male,group C,high school,free/reduced,none,42,39,32
612,Dennis,Rowbottam,18.211.203.146,male,group B,master's degree,standard,none,56,55,51
613,Oates,Genney,58.159.116.27,male,group B,some college,free/reduced,completed,57,60,58
614,Matthew,Marvelley,211.101.142.77,male,group E,some high school,free/reduced,completed,81,73,71
615,Saunder,Lainge,183.79.230.162,male,group C,some college,standard,completed,53,48,51
616,Erastus,Fortun,175.111.116.98,male,group C,some college,standard,completed,59,60,59
617,Naoma,Iacomi,100.150.243.193,female,group B,high school,free/reduced,none,62,75,73
618,Maridel,Kabsch,210.66.55.65,female,group B,high school,free/reduced,completed,55,63,65
619,Ally,Towell,127.183.173.27,female,group D,some high school,standard,completed,81,82,93
620,Gayle,Bolens,134.114.143.53,male,group E,associate's degree,free/reduced,completed,84,84,82
621,Waldemar,Dauney,172.10.166.188,male,group D,some college,free/reduced,none,74,67,65
622,Korney,Hegarty,130.183.106.90,female,group D,high school,standard,completed,68,76,74
623,Cherise,Sherburn,125.87.145.161,female,group D,some high school,standard,completed,53,66,63
624,Allan,Staziker,106.25.159.213,male,group D,some college,standard,completed,77,80,78
625,Brian,Luce,54.69.96.218,male,group E,high school,free/reduced,none,60,58,49
626,Derward,Ambrosini,191.200.37.184,male,group D,high school,standard,completed,77,85,86
627,Joaquin,Gogan,117.4.222.206,male,group C,some college,free/reduced,none,79,76,71
628,Micky,Lempke,171.82.1.253,male,group D,some high school,free/reduced,none,57,45,48
629,Angelle,Lernihan,17.115.60.190,female,group C,bachelor's degree,standard,none,69,82,84
630,Lorenzo,Haddinton,104.4.98.112,male,group A,some college,standard,none,67,68,67
631,Martino,Kubach,90.237.55.18,male,group A,some high school,standard,none,73,79,72
632,Fiorenze,Sampson,82.60.142.62,female,group C,bachelor's degree,standard,none,77,80,80
633,Violette,Boij,20.115.249.118,female,group C,associate's degree,standard,none,72,91,88
634,Gardner,Maddyson,178.88.88.128,male,group D,high school,free/reduced,none,78,71,69
635,Mordy,Misson,233.247.209.189,male,group B,high school,standard,completed,66,60,59
636,Melvyn,Harrhy,44.103.239.226,male,group B,some high school,standard,completed,62,61,60
637,Tara,Gulley,13.211.125.198,female,group D,associate's degree,standard,none,86,88,93
638,Clovis,Plover,250.24.15.181,female,group C,bachelor's degree,standard,none,71,86,77
639,Ezra,Wetherby,66.76.109.19,male,group E,some high school,free/reduced,none,63,55,55
640,Hakim,Bras,126.134.206.47,male,group B,associate's degree,standard,completed,76,68,71
641,Simona,Burnie,38.219.177.92,female,group B,high school,free/reduced,none,52,68,62
642,Zarla,Jarrett,49.11.146.90,female,group C,associate's degree,standard,completed,75,86,88
643,Ahmed,Kearns,122.100.68.70,male,group D,some college,free/reduced,completed,70,74,74
644,Delmer,Perton,22.138.10.163,male,group E,some college,standard,none,88,68,67
645,Hayley,Pilbury,124.4.22.123,female,group B,some high school,standard,none,42,47,53
646,Orella,Bellworthy,136.204.125.130,female,group D,some college,standard,completed,67,69,74
647,Basilio,Gillinghams,182.129.25.82,male,group A,bachelor's degree,free/reduced,completed,58,49,54
648,Sileas,Mace,216.32.9.157,female,group A,some high school,standard,completed,72,76,74
649,Jobye,Holtham,69.130.122.0,female,group C,associate's degree,standard,completed,70,80,77
650,Pinchas,Petrenko,180.2.104.90,male,group D,bachelor's degree,free/reduced,completed,69,67,73
651,Brewer,Agge,135.37.44.208,male,group D,associate's degree,standard,none,61,52,52
652,Ruby,McCrossan,188.140.16.73,female,group C,master's degree,standard,completed,89,89,92
653,Edward,Habbon,208.205.186.132,male,group B,some high school,free/reduced,none,65,58,55
654,Carlita,Mertsching,107.67.2.191,female,group C,some high school,free/reduced,none,63,77,68
655,Jayme,Gildea,3.249.235.118,male,group C,associate's degree,standard,none,73,72,70
656,Karyn,Boules,224.91.92.214,female,group C,associate's degree,standard,completed,75,86,97
657,Kyle,Thyng,25.165.135.248,male,group A,some college,standard,completed,84,85,78
658,Rand,Fenck,161.224.103.128,male,group D,high school,free/reduced,none,47,46,45
659,Knox,Slite,183.147.199.20,male,group E,high school,standard,none,65,63,54
660,Glynnis,Newitt,53.56.58.8,female,group C,associate's degree,standard,none,75,78,80
661,Clare,Raunds,132.203.181.153,female,group D,associate's degree,standard,none,73,81,78
662,Bertina,Lichtfoth,173.69.204.53,female,group D,some college,standard,completed,68,72,74
663,Maribel,Willgrass,191.204.44.108,female,group C,some high school,standard,none,28,39,32
664,Pierre,McCamish,78.163.230.188,male,group C,master's degree,standard,none,88,86,87
665,Yance,Jales,20.249.1.90,male,group C,master's degree,standard,none,92,79,76
666,Durante,Hourstan,206.229.126.230,male,group C,high school,free/reduced,none,58,58,52
667,Fredek,Twohig,54.25.33.45,male,group B,high school,standard,completed,39,27,27
668,Alister,Szymon,22.122.3.47,male,group A,high school,free/reduced,none,52,59,43
669,Robinet,Baudts,167.196.242.102,male,group D,some high school,standard,none,48,39,33
670,Kory,Cherrett,90.80.17.165,male,group E,bachelor's degree,standard,none,90,82,84
671,Kaile,Woollends,56.108.212.103,female,group C,some high school,free/reduced,none,34,52,43
672,Morty,Lindstedt,111.253.162.235,male,group D,some high school,standard,completed,99,93,98
673,Giffard,Chuck,122.77.160.34,male,group A,some high school,free/reduced,none,58,53,51
674,Ronnie,Lamblin,12.111.29.52,male,group E,bachelor's degree,free/reduced,none,80,74,64
675,Marietta,Bryson,2.76.194.94,female,group A,some college,free/reduced,none,46,62,61
676,Jessee,Van der Mark,160.75.129.40,male,group E,high school,free/reduced,none,72,62,57
677,Cristy,Keane,64.161.145.0,female,group E,high school,standard,none,76,65,69
678,Melisse,Tetsall,97.91.60.13,female,group B,some high school,standard,none,49,54,51
679,Dalila,Riches,251.218.22.63,female,group E,master's degree,free/reduced,none,65,60,63
680,Drusie,Landrick,75.135.4.94,female,group D,some high school,free/reduced,none,51,59,56
681,Otes,Daniel,117.151.79.223,male,group E,master's degree,free/reduced,completed,94,85,93
682,Happy,Koppke,209.163.27.79,female,group E,some high school,standard,none,86,84,86
683,Maxi,Parvin,26.161.237.107,female,group D,some college,standard,none,41,47,53
684,Alonzo,Winmill,150.204.245.32,male,group C,high school,free/reduced,none,47,51,45
685,Claiborne,O'Crowley,151.104.85.74,male,group D,high school,free/reduced,none,46,50,42
686,Mavra,Healing,140.4.100.228,female,group D,high school,standard,none,73,84,81
687,Hendrika,Ferneyhough,135.35.255.116,female,group C,some college,standard,none,87,92,95
688,Torey,Legrand,171.63.243.61,female,group C,bachelor's degree,free/reduced,completed,78,89,94
689,Gustaf,Piggin,172.140.118.244,male,group B,some high school,standard,none,66,63,60
690,Cherye,Frayne,219.3.153.80,female,group C,some high school,free/reduced,none,35,45,37
691,Aaren,Bernardoux,90.107.64.84,female,group C,some college,free/reduced,none,40,55,51
692,Oralle,Pirdy,27.130.67.149,female,group D,bachelor's degree,standard,none,75,79,82
693,Noreen,McCarlie,113.110.112.100,female,group D,some high school,standard,completed,68,62,70
694,Nichole,Camies,146.191.154.101,male,group E,bachelor's degree,free/reduced,completed,69,66,65
695,Gisella,Zorzoni,120.10.119.29,female,group C,some college,standard,none,74,72,71
696,Mair,Gregg,25.47.154.55,female,group D,some college,standard,none,61,79,72
697,Dalt,O'Scandall,192.255.198.182,male,group E,associate's degree,standard,none,94,85,72
698,Gib,Trase,115.108.40.7,male,group C,some high school,standard,none,52,46,43
699,Spike,Yukhov,97.69.214.203,male,group C,some college,standard,none,64,63,54
700,Arnoldo,Draycott,207.247.64.73,male,group B,associate's degree,free/reduced,none,61,55,57
701,Nev,Dunning,215.85.105.252,male,group D,some high school,free/reduced,completed,72,73,73
702,Tess,Wakely,185.90.7.66,female,group B,high school,free/reduced,none,37,50,49
703,Ulrick,Brade,72.56.242.249,male,group B,some college,standard,none,77,80,74
704,Tibold,Sowten,191.184.125.228,male,group E,high school,free/reduced,completed,54,55,55
705,Chryste,Battye,60.9.191.39,female,group C,some college,free/reduced,none,41,52,53
706,Wolfy,Syrie,218.157.171.91,male,group C,high school,standard,none,51,47,46
707,Theodoric,Stavers,52.31.51.117,male,group B,high school,standard,none,71,63,60
708,Amabelle,Bartaletti,48.56.168.59,female,group A,master's degree,standard,none,83,86,84
709,Cheston,Abdey,241.181.44.46,male,group D,some high school,free/reduced,completed,50,38,47
710,Fonsie,Bramelt,178.68.239.72,male,group B,high school,standard,none,63,57,53
711,Michele,Grice,160.174.89.47,female,group B,master's degree,standard,none,75,90,84
712,Virgie,Menham,40.7.79.116,male,group D,associate's degree,free/reduced,none,72,61,63
713,Willey,Chadd,166.82.86.22,male,group B,some college,standard,none,77,70,69
714,Lanna,Boxen,1.196.15.197,female,group C,associate's degree,standard,none,44,58,55
715,Sharlene,Warham,143.70.221.61,female,group C,high school,free/reduced,none,52,60,57
716,Ruby,De Atta,215.0.23.13,male,group C,some college,free/reduced,none,63,54,54
717,Huberto,Graffham,192.64.55.104,male,group B,associate's degree,standard,none,50,59,50
718,Abdul,Toffolini,119.163.179.152,male,group B,associate's degree,free/reduced,none,58,48,50
719,Leodora,Lunck,2.167.54.132,female,group B,master's degree,standard,completed,75,79,85
720,Ingram,Treffrey,195.146.58.253,male,group D,master's degree,free/reduced,completed,80,90,84
721,Oren,Levings,131.142.196.177,male,group C,some high school,standard,none,59,60,56
722,Isabelita,Helm,183.182.84.7,female,group D,some high school,free/reduced,completed,45,63,64
723,Kelsi,Cristofol,184.163.22.115,female,group C,some high school,free/reduced,none,49,61,61
724,Marla,Chesson,150.68.95.134,female,group C,associate's degree,standard,completed,98,100,100
725,Carey,Vakhonin,163.23.67.55,female,group A,associate's degree,free/reduced,none,80,94,85
726,Blondie,Gresswell,123.101.84.201,female,group B,high school,standard,completed,59,65,64
727,Thaine,Brion,18.232.119.149,male,group E,some high school,standard,completed,81,86,85
728,Cyrus,Cayford,157.80.125.246,male,group B,some college,free/reduced,none,53,50,47
729,Sib,Borkin,90.234.3.42,female,group C,some college,free/reduced,completed,37,56,51
730,Rice,Lisciandri,178.176.28.178,male,group A,high school,free/reduced,none,54,44,48
731,Marlane,Eagers,14.41.191.78,female,group A,some college,free/reduced,completed,79,85,86
732,Neil,Hadwen,155.121.236.204,male,group B,associate's degree,standard,none,86,80,76
733,Kile,Haton,12.221.47.175,male,group B,bachelor's degree,free/reduced,completed,77,80,80
734,Agna,Warret,211.197.46.212,female,group C,some high school,standard,none,77,82,83
735,Alasteir,Ayshford,129.4.144.12,male,group B,some college,free/reduced,completed,81,76,74
736,Glynda,Goutcher,115.100.236.34,female,group C,high school,standard,completed,78,87,87
737,Dotty,Drysdall,94.217.76.37,female,group A,some college,free/reduced,none,35,56,54
738,Shelli,Romaines,203.114.38.155,female,group E,master's degree,standard,none,72,76,74
739,Hewet,Cecere,121.160.64.55,male,group B,associate's degree,standard,none,58,50,54
740,Saleem,Nern,223.179.16.32,male,group C,some high school,standard,none,91,77,75
741,Fabien,Corkitt,181.183.242.148,male,group C,some college,standard,none,50,46,48
742,Mahmud,Helis,23.175.109.178,male,group A,some college,free/reduced,none,56,49,47
743,Shaylynn,Hantusch,201.86.214.114,female,group D,bachelor's degree,standard,none,75,84,84
744,Pascal,Bradbury,23.248.41.170,male,group B,high school,standard,none,66,58,44
745,Davin,Povall,98.240.18.136,male,group C,some college,standard,none,70,59,59
746,Clementia,Staite,212.36.171.137,female,group D,some high school,free/reduced,none,41,47,43
747,Joachim,Vitte,96.109.223.202,male,group E,bachelor's degree,standard,none,81,66,62
748,Lorna,Dyde,157.64.14.111,female,group C,associate's degree,standard,none,33,48,42
749,Kathye,Pietrzak,125.27.216.203,female,group B,bachelor's degree,standard,completed,77,86,93
750,Alvis,Iwanowski,40.138.199.108,male,group E,high school,standard,none,90,79,71
751,Rosanne,House,30.185.196.86,female,group C,high school,free/reduced,completed,58,67,69
752,Dermot,Daymont,237.125.171.47,male,group C,high school,standard,completed,81,84,83
753,Vittorio,Klausewitz,255.92.185.164,male,group E,high school,standard,none,79,65,59
754,Christean,Lacknor,234.55.46.192,female,group C,some high school,standard,completed,48,48,51
755,Brant,Antonacci,123.214.34.49,male,group D,some high school,standard,completed,78,70,74
756,Wallie,Slatten,117.153.62.130,male,group D,some college,free/reduced,none,59,63,59
757,Dionis,Lewins,16.203.146.238,female,group C,associate's degree,free/reduced,none,63,74,75
758,Elliot,Janny,120.212.42.82,male,group D,some high school,free/reduced,none,64,72,69
759,Cristine,Itskovitz,130.143.140.222,female,group C,associate's degree,standard,completed,82,96,88
760,Bryana,Derye-Barrett,163.113.84.67,female,group C,associate's degree,standard,none,53,63,67
761,Alexis,Humpherston,129.51.60.212,male,group C,some college,standard,none,82,78,71
762,Olivette,Bonick,17.206.107.147,female,group D,some high school,standard,completed,35,50,50
763,Consalve,Harty,158.254.170.100,male,group C,some high school,standard,completed,100,93,87
764,Joby,Willbraham,41.217.1.53,female,group C,some high school,standard,completed,69,77,80
765,Reidar,Edmundson,64.127.207.215,male,group C,associate's degree,standard,completed,99,92,96
766,Gaspar,Jentzsch,221.144.136.85,male,group D,some high school,standard,none,57,61,55
767,Zoe,Cosgrive,0.120.133.222,female,group C,master's degree,free/reduced,none,77,80,85
768,Layla,Apperley,231.33.95.155,female,group D,associate's degree,free/reduced,none,49,63,63
769,Nealson,Skeemer,63.187.45.154,male,group C,some high school,free/reduced,completed,75,84,77
770,Alejandra,Hadcock,210.98.75.39,female,group C,bachelor's degree,standard,none,65,70,76
771,Ginny,Timbridge,1.2.106.66,female,group C,associate's degree,standard,none,85,93,89
772,Hart,Brickett,181.247.131.149,male,group C,high school,standard,none,84,75,70
773,Dareen,Kos,250.186.135.115,female,group E,high school,standard,completed,73,73,69
774,Jacquenetta,Nevin,167.58.6.124,female,group E,associate's degree,standard,completed,78,87,90
775,Linnet,Bonsale,73.136.138.91,female,group C,associate's degree,standard,none,81,93,91
776,Mychal,Golden,89.179.25.156,male,group B,high school,standard,none,54,64,57
777,Sauncho,Jessope,125.31.82.133,male,group D,associate's degree,free/reduced,none,65,66,58
778,Theo,Yellowlees,60.199.74.149,female,group D,high school,standard,none,86,81,90
779,Mateo,Niemetz,190.47.147.232,male,group C,high school,standard,completed,66,65,60
780,Liam,Delph,142.15.192.206,male,group C,high school,free/reduced,none,67,62,54
781,Rafaelita,aManger,99.15.201.32,female,group B,bachelor's degree,standard,completed,73,88,96
782,Rosene,Boosey,255.114.120.167,female,group D,associate's degree,standard,none,69,77,85
783,Perrine,MacCaughen,166.98.131.77,female,group D,high school,standard,none,89,89,93
784,Joshua,Burgne,221.71.105.25,male,group C,some high school,standard,completed,76,77,71
785,Adler,Pavyer,3.161.38.106,male,group D,some high school,standard,completed,62,57,58
786,Ruthann,Blaxton,187.35.195.92,female,group D,associate's degree,standard,completed,67,76,82
787,Urbain,Landells,100.33.244.94,male,group A,associate's degree,free/reduced,completed,58,71,66
788,Kala,Ivanyushkin,166.103.129.178,female,group C,associate's degree,free/reduced,none,43,56,57
789,Hans,Droghan,212.117.151.159,male,group B,high school,standard,completed,56,59,57
790,Wittie,Bronot,16.24.21.42,male,group B,some high school,free/reduced,none,38,39,35
791,Trixy,Arnott,153.34.91.18,female,group D,associate's degree,standard,completed,77,81,86
792,Cosme,Pearlman,55.107.122.229,male,group C,high school,free/reduced,completed,69,62,64
793,Kasey,Flynn,247.126.221.77,female,group C,some high school,standard,none,56,67,58
794,Mathian,Rojahn,126.68.105.83,male,group C,some high school,standard,none,88,75,74
795,Ivor,Turnor,124.208.15.193,male,group C,master's degree,free/reduced,none,79,80,79
796,Stacey,McGrey,220.96.90.17,female,group D,master's degree,standard,none,80,84,75
797,Oliviero,Bence,178.23.148.243,male,group C,high school,standard,none,64,60,55
798,Roderick,Laugharne,233.158.102.111,male,group C,associate's degree,standard,none,93,88,86
799,Giulietta,Whitear,73.65.21.254,female,group B,bachelor's degree,free/reduced,none,54,62,65
800,Kerby,Nuzzi,66.205.182.147,male,group C,associate's degree,standard,none,67,71,66
801,Laurette,Sine,7.51.177.37,female,group D,bachelor's degree,free/reduced,none,59,79,76
802,Neron,Hitzke,153.57.232.82,male,group C,associate's degree,standard,none,72,66,57
803,Darin,Death,115.104.246.184,male,group D,some college,standard,none,86,87,85
804,Florette,Figure,151.196.28.170,female,group C,bachelor's degree,free/reduced,none,41,45,42
805,Estella,Buff,129.202.198.144,female,group C,some high school,free/reduced,none,51,59,56
806,Audy,Antoszczyk,26.191.158.37,female,group D,associate's degree,standard,none,64,72,75
807,Chadd,Riordan,90.240.29.62,male,group B,associate's degree,free/reduced,none,68,55,55
808,Orland,Hindenburg,191.248.130.82,male,group E,some college,standard,none,81,69,63
809,Clemente,Biernat,42.251.254.205,male,group C,bachelor's degree,standard,completed,65,56,60
810,Seth,Janzen,56.97.148.19,male,group C,some college,free/reduced,completed,59,55,54
811,Orran,Straker,67.28.14.231,male,group D,associate's degree,free/reduced,completed,63,67,69
812,Vannie,Batterton,253.129.30.150,female,group C,some high school,free/reduced,completed,44,59,63
813,Ulrike,Cardinal,71.211.8.210,female,group B,master's degree,free/reduced,none,48,60,59
814,Ashley,Backler,245.136.85.136,female,group D,some college,standard,completed,63,70,76
815,Barris,Dombrell,184.96.254.5,male,group D,some high school,free/reduced,none,58,58,49
816,Cassandry,Grog,219.147.154.43,female,group E,associate's degree,standard,completed,94,100,100
817,Reine,Bowlands,43.226.121.193,female,group B,associate's degree,free/reduced,none,60,73,74
818,Bren,Hensmans,162.98.164.125,male,group C,high school,free/reduced,completed,76,71,71
819,Kerwinn,Rikard,160.219.118.71,male,group D,high school,free/reduced,none,52,43,38
820,Artemas,Thomsson,64.0.199.239,male,group C,bachelor's degree,standard,none,54,61,55
821,Angel,Tembey,18.7.10.138,male,group B,bachelor's degree,standard,none,76,58,60
822,Fanni,Pes,190.93.36.2,female,group D,associate's degree,standard,none,77,86,89
823,Christie,Moorman,69.171.178.231,female,group C,high school,free/reduced,none,60,66,67
824,Jean,Keenlyside,94.146.240.252,female,group E,high school,standard,completed,61,61,67
825,Artus,Quarrie,126.70.235.128,male,group C,bachelor's degree,standard,completed,67,60,68
826,Dunn,McKeady,104.245.144.175,male,group E,some college,standard,none,99,93,95
827,Dorrie,Rigge,46.210.21.182,female,group D,some high school,standard,none,62,68,67
828,Franny,Asson,84.11.6.56,female,group D,master's degree,standard,none,62,72,76
829,Constantin,Vinecombe,161.237.127.139,male,group B,some high school,free/reduced,completed,52,55,51
830,Alexandre,Aubrun,137.36.206.218,male,group C,some high school,standard,completed,64,65,63
831,Syman,MacColm,2.109.170.145,male,group B,some college,standard,none,64,61,57
832,Lawton,Briar,43.151.6.80,male,group C,associate's degree,standard,none,80,83,76
833,Garrot,Rowlinson,219.210.189.139,male,group D,master's degree,free/reduced,none,56,58,58
834,Duke,Boatwright,187.65.144.153,male,group D,bachelor's degree,free/reduced,none,56,54,53
835,Ferdinande,Gotling,166.23.152.229,female,group C,bachelor's degree,standard,none,89,93,98
836,Barron,Mathwin,157.121.197.180,male,group B,bachelor's degree,free/reduced,completed,41,50,54
837,Darnall,Venmore,216.96.119.84,male,group D,some high school,free/reduced,none,60,63,61
838,Fritz,Charnock,143.106.148.231,male,group B,bachelor's degree,standard,none,75,73,70
839,Pieter,Gyver,136.190.113.239,male,group C,high school,free/reduced,completed,46,51,55
840,Savina,Farre,216.186.164.161,female,group D,bachelor's degree,standard,none,59,78,80
841,Flossy,Chason,109.78.6.96,female,group C,associate's degree,free/reduced,completed,59,77,72
842,Haslett,Zouch,172.58.150.69,male,group D,bachelor's degree,free/reduced,none,86,81,78
843,Brett,Robb,20.104.31.166,male,group A,high school,standard,none,71,61,59
844,Leonhard,Wrefford,185.7.19.41,male,group D,associate's degree,standard,none,68,64,66
845,Lemmy,Ryding,164.67.27.110,male,group C,associate's degree,standard,completed,70,75,72
846,Bibby,Carnegie,55.212.238.110,female,group C,associate's degree,standard,completed,83,93,98
847,Jerry,Stichall,25.23.34.160,male,group D,associate's degree,free/reduced,none,72,81,75
848,Hewitt,Pickervance,185.186.82.228,male,group C,bachelor's degree,free/reduced,none,82,75,70
849,Nobie,Kleinbaum,102.241.45.42,male,group E,some high school,standard,none,73,52,48
850,Emanuele,Goodfellowe,184.30.1.166,male,group C,associate's degree,standard,none,92,74,71
851,Alexandro,Dundendale,221.100.184.66,male,group E,some college,standard,none,91,81,80
852,Yolande,Wardingley,3.247.95.15,female,group D,some high school,standard,completed,69,80,85
853,Horatius,Kimbrough,141.213.103.137,male,group E,associate's degree,free/reduced,completed,68,69,72
854,Bartholomeus,Meugens,134.48.17.235,male,group C,high school,standard,completed,78,79,76
855,Dwight,Gough,118.162.209.233,male,group E,some college,standard,none,77,73,69
856,Ludvig,Doody,36.226.163.248,male,group C,associate's degree,standard,none,61,56,56
857,Gina,Minette,33.252.127.231,female,group B,some high school,free/reduced,none,49,60,55
858,Billie,Ruprich,157.227.108.232,female,group D,some college,free/reduced,none,50,48,56
859,Winnifred,Tisor,138.223.23.254,female,group E,high school,standard,none,85,84,87
860,Elora,Michael,60.56.45.62,female,group C,high school,standard,none,63,71,74
861,Darin,Wyett,22.100.86.193,male,group B,master's degree,standard,none,65,52,50
862,Rowan,Peller,107.215.37.209,male,group D,associate's degree,standard,none,68,64,61
863,Emelen,Keady,239.144.148.15,male,group B,bachelor's degree,standard,completed,80,86,83
864,Julee,Powney,99.53.85.165,female,group D,associate's degree,free/reduced,completed,63,79,78
865,Beverie,Blades,180.237.199.208,female,group B,high school,standard,none,69,75,75
866,Amelina,Staziker,132.160.112.45,female,group B,master's degree,standard,completed,92,100,100
867,Deedee,Sharples,34.69.207.55,female,group C,associate's degree,standard,none,62,75,73
868,Jacinthe,Joselovitch,37.192.21.243,female,group D,some college,standard,none,79,82,80
869,Orville,Rosander,89.157.181.18,male,group D,master's degree,standard,completed,70,67,77
870,Hesther,Acton,145.81.215.117,female,group A,associate's degree,standard,none,65,72,66
871,Field,Gianilli,248.39.63.101,male,group B,associate's degree,standard,completed,78,67,76
872,Julina,Liptrod,57.198.247.26,female,group B,high school,free/reduced,none,46,64,52
873,Judah,Furminger,40.200.143.213,male,group B,associate's degree,standard,completed,50,40,36
874,Leena,Carlisi,96.157.64.157,female,group B,high school,standard,none,71,78,76
875,Charlie,Goutcher,116.194.67.92,male,group D,bachelor's degree,standard,none,98,100,97
876,Bobbie,Osant,104.167.129.81,female,group E,some college,free/reduced,none,61,67,69
877,Noel,Odby,46.74.253.46,female,group E,high school,free/reduced,none,42,53,46
878,Myrwyn,Boman,108.103.43.206,male,group E,some college,standard,completed,71,79,74
879,Hale,Luxton,195.249.22.27,male,group D,some college,free/reduced,none,38,35,33
880,Pearl,Stobie,14.5.5.157,female,group C,some college,free/reduced,none,58,58,59
881,Curtice,Bradie,128.70.59.152,male,group B,high school,standard,none,85,83,78
882,Alister,Hardage,249.100.245.92,male,group C,master's degree,standard,completed,92,96,97
883,Betteann,Farndon,30.196.57.17,female,group E,some high school,standard,completed,100,100,100
884,Linus,Harbour,138.37.130.24,male,group C,some high school,free/reduced,completed,72,70,75
885,Davy,Janjusevic,223.115.206.204,male,group C,some high school,standard,none,53,46,35
886,Percival,Roglieri,87.222.123.100,male,group E,some high school,free/reduced,none,62,68,62
887,Zandra,Wennam,194.93.196.234,female,group E,bachelor's degree,standard,none,74,73,74
888,Terencio,Dobie,136.55.107.180,male,group C,some college,standard,none,55,60,60
889,Alida,Aizikovitch,23.138.125.235,female,group C,high school,free/reduced,completed,52,64,57
890,Abbott,Eburah,221.130.78.182,male,group B,high school,standard,completed,69,68,66
891,Berti,Berns,201.122.16.255,male,group D,associate's degree,standard,none,61,53,48
892,Nonie,Tayspell,171.135.245.114,female,group D,some college,free/reduced,none,69,83,84
893,Merle,Tawse,172.55.88.62,male,group D,some high school,free/reduced,completed,65,60,61
894,Lani,McGriele,244.21.183.245,female,group C,some college,standard,none,53,63,62
895,Ambrose,Barette,179.127.176.175,male,group D,high school,free/reduced,none,66,57,60
896,Carrie,Hanselmann,183.195.117.41,female,group D,some college,standard,none,80,87,88
897,Fredelia,Ghilardini,145.87.212.202,female,group C,some high school,standard,none,47,49,54
898,Horatio,Beviss,226.94.139.206,male,group D,bachelor's degree,standard,none,80,68,75
899,Jannelle,McFadden,133.115.70.79,female,group D,associate's degree,standard,completed,71,79,81
900,Kermy,D'Angeli,81.117.3.35,male,group C,associate's degree,standard,completed,67,69,72
901,Mendy,Sprigings,28.146.187.231,male,group D,some college,free/reduced,none,54,52,61
902,Clemens,Andreassen,30.13.157.138,male,group C,bachelor's degree,standard,none,74,66,60
903,Tony,Devaney,216.180.59.127,male,group B,some high school,standard,none,55,59,50
904,Sarita,Swanton,64.212.14.69,female,group E,high school,free/reduced,completed,91,91,94
905,Cookie,Bento,140.213.160.192,female,group C,some high school,standard,none,76,84,78
906,Carline,Corps,214.99.115.249,female,group C,high school,free/reduced,none,69,69,69
907,Allie,Kennelly,68.206.6.211,female,group D,high school,free/reduced,none,44,54,50
908,Ardene,Dorgon,29.179.255.9,female,group B,some high school,standard,completed,76,82,88
909,Caprice,MacAvddy,187.1.3.100,female,group B,some college,standard,none,53,62,58
910,Cos,Nys,58.239.64.236,male,group B,some college,free/reduced,none,59,61,57
911,Lebbie,Goreisr,133.214.244.159,female,group C,associate's degree,standard,none,39,45,42
912,Roselia,Iacomettii,185.175.61.150,female,group D,high school,free/reduced,none,77,88,84
913,Vinita,Chessum,28.99.216.200,female,group D,bachelor's degree,standard,completed,77,73,77
914,Patten,Laslett,163.118.138.20,male,group B,some college,standard,none,73,65,61
915,Kattie,Jandak,130.237.227.221,female,group D,some college,standard,completed,80,73,79
916,Colby,Kinnerley,160.118.189.149,male,group D,some high school,free/reduced,completed,69,66,68
917,Stanwood,Charter,200.204.192.220,male,group C,some high school,standard,completed,61,52,57
918,Pooh,Cantillion,144.77.136.212,male,group C,some college,free/reduced,none,58,57,47
919,Doro,Duignan,8.15.139.27,female,group E,associate's degree,standard,none,95,94,93
920,Aymer,Harvard,66.210.246.86,male,group B,associate's degree,standard,none,70,60,53
921,Fair,Atherley,142.227.178.97,male,group B,high school,free/reduced,completed,91,77,74
922,Shina,McGeraghty,197.143.200.241,female,group C,some college,free/reduced,completed,67,84,82
923,Ryan,Wellman,234.108.42.118,male,group B,associate's degree,standard,none,63,61,54
924,Cletis,Dilleway,5.26.69.123,male,group C,some college,standard,none,92,85,84
925,Morissa,Bartlett,244.200.185.0,female,group B,some high school,free/reduced,completed,73,78,90
926,Janith,MacArd,220.253.51.128,female,group E,high school,free/reduced,none,65,74,67
927,Hurleigh,Waiton,161.64.159.34,male,group B,some high school,standard,completed,73,65,69
928,Stacy,Withams,98.199.71.128,female,group D,high school,standard,completed,52,60,62
929,Gale,Rutherford,135.64.43.151,male,group B,some high school,standard,none,78,80,73
930,Kingsley,Glanvill,36.246.62.253,male,group E,some college,standard,completed,61,61,66
931,Brody,Doggerell,15.74.232.148,male,group E,high school,standard,none,70,52,46
932,Sonny,Tipling,77.132.101.154,male,group E,high school,free/reduced,none,73,58,56
933,Brandtr,Harburtson,34.59.69.64,male,group C,some high school,free/reduced,none,61,50,50
934,Madelin,Lestrange,54.152.156.162,female,group A,high school,standard,none,64,79,82
935,Hobard,Matteau,73.80.146.18,male,group D,some college,standard,none,72,75,71
936,Cathy,Lawlings,40.194.42.188,female,group D,associate's degree,free/reduced,none,56,71,73
937,Fulton,Aistrop,135.104.106.214,male,group D,high school,standard,none,65,56,51
938,Vladamir,MacCrosson,68.105.90.43,male,group A,some high school,free/reduced,none,42,51,37
939,Georges,Gaitley,28.135.238.166,male,group C,some college,standard,none,53,50,48
940,Gray,Huzzey,234.89.230.151,male,group C,some high school,standard,completed,72,67,60
941,Colet,Shaughnessy,43.181.134.203,male,group D,high school,standard,none,85,66,67
942,Freda,Trimme,43.199.201.167,female,group D,some high school,standard,completed,79,82,84
943,Rockey,Casina,216.136.16.126,male,group E,high school,standard,none,76,69,65
944,Hort,Tripcony,182.88.143.165,male,group A,some high school,free/reduced,completed,60,66,62
945,Marnia,Holah,3.2.156.109,female,group C,high school,standard,none,59,74,72
946,Ashleigh,Ziemke,78.77.116.71,female,group B,bachelor's degree,standard,completed,64,72,74
947,Serene,McKelvie,7.193.2.226,female,group B,associate's degree,free/reduced,none,58,57,61
948,Marcelle,Tomaszek,189.193.72.102,female,group D,high school,standard,none,76,73,75
949,Emeline,Baggett,3.45.151.166,female,group B,some college,standard,completed,63,79,73
950,Pascal,Young,128.241.61.38,male,group B,some college,standard,completed,80,80,78
951,Shannon,Lloyd,137.58.77.20,male,group A,some college,standard,none,57,59,51
952,Matt,Perri,114.235.70.17,male,group D,some college,standard,completed,74,75,70
953,Michelle,Creeghan,148.195.114.178,female,group D,bachelor's degree,standard,none,92,91,100
954,Ryon,Aishford,234.238.42.205,male,group C,some college,standard,none,86,75,74
955,Emmalyn,Hartshorn,30.176.160.98,female,group D,some college,free/reduced,none,51,62,61
956,Taddeusz,Whife,69.173.102.113,male,group A,some college,standard,none,64,72,65
957,Delly,Bairstow,83.109.233.95,female,group C,some high school,free/reduced,none,37,53,51
958,Marketa,Vales,188.192.28.153,female,group C,some high school,standard,completed,66,71,76
959,Joey,Laxen,129.110.56.178,male,group C,some college,standard,completed,70,75,76
960,Siusan,Trayes,176.44.159.136,female,group C,some college,standard,none,52,62,58
961,Janetta,Padfield,14.156.23.225,female,group E,some college,standard,none,83,84,83
962,Leyla,Shoemark,193.116.40.137,female,group A,high school,standard,none,69,87,82
963,Nealy,Watman,137.235.213.175,male,group C,bachelor's degree,standard,none,69,60,54
964,Cele,Hachard,113.217.121.103,female,group B,bachelor's degree,standard,none,64,77,76
965,Van,Cardero,169.171.250.61,male,group E,high school,free/reduced,none,52,46,42
966,Hogan,Farres,51.153.67.82,male,group E,associate's degree,standard,completed,78,67,71
967,Debbi,Cartmel,212.95.225.127,female,group C,some college,standard,completed,97,97,100
968,Antoine,Deppe,15.227.147.202,male,group A,bachelor's degree,standard,completed,96,99,100
969,Skylar,Gwyther,109.133.178.238,male,group D,some college,standard,completed,75,71,68
970,Terri-jo,Budden,251.204.127.2,female,group C,some college,free/reduced,none,57,78,74
971,Kilian,Snaddon,239.137.34.225,male,group E,some high school,standard,completed,86,84,74
972,Estelle,Axell,119.193.200.26,female,group D,associate's degree,free/reduced,none,65,72,73
973,Harriette,McGeagh,138.43.245.237,female,group D,associate's degree,standard,completed,37,60,61
974,Joscelin,Korejs,203.48.145.162,female,group D,associate's degree,standard,completed,63,83,83
975,Yasmeen,Ould,251.110.219.241,female,group D,some high school,free/reduced,completed,71,79,84
976,Dominique,Emett,86.240.38.142,female,group C,associate's degree,standard,none,72,79,82
977,Wendell,Rhead,119.146.227.44,male,group C,some college,standard,none,72,68,66
978,Eward,Bewshea,148.230.41.197,male,group C,associate's degree,standard,none,49,38,43
979,Issiah,Speaks,244.76.96.143,male,group B,some college,free/reduced,none,50,57,49
980,Stewart,Moncreiffe,239.128.158.234,male,group E,some high school,free/reduced,none,63,51,53
981,Lucie,Ferby,187.178.18.252,female,group D,some high school,free/reduced,none,44,59,56
982,Annmarie,McGreay,47.26.221.6,female,group B,associate's degree,standard,completed,70,80,84
983,Dewey,Cammock,233.216.9.96,male,group B,some college,free/reduced,none,72,78,70
984,Marlin,MacCague,34.183.32.160,male,group C,some high school,standard,completed,73,66,64
985,Paul,Syvret,86.222.212.67,male,group E,high school,free/reduced,none,62,43,44
986,Ofelia,Anchor,189.207.91.208,female,group C,some college,standard,completed,79,78,80
987,Ebba,Ondrus,129.40.189.85,female,group C,associate's degree,free/reduced,none,45,61,57
988,Torrence,Arrighini,209.3.181.57,male,group D,some high school,free/reduced,none,35,39,38
989,Alfie,Beards,144.52.142.4,female,group B,associate's degree,free/reduced,completed,70,86,85
990,Vincents,Nassi,90.13.250.230,male,group E,high school,standard,none,72,80,68
991,Ettore,Rizzo,157.253.139.6,male,group C,bachelor's degree,standard,none,73,69,69
992,Marcellus,Broddle,240.12.57.104,female,group A,some college,standard,none,82,91,88
993,Yolanthe,Gonin,14.220.196.91,female,group E,bachelor's degree,free/reduced,none,61,57,63
994,Barby,Ashlee,126.115.111.160,female,group D,bachelor's degree,standard,completed,78,83,88
995,Normy,Matelaitis,219.36.36.211,female,group E,some college,standard,none,66,81,75
996,Sarine,Slafford,237.30.142.244,female,group D,some college,free/reduced,none,38,58,57
997,Stephanie,Waterhous,36.46.56.12,female,group D,some college,free/reduced,none,54,61,63
998,Connor,Martynov,70.71.187.144,female,group E,bachelor's degree,standard,completed,85,88,90
999,Dale,While,74.213.23.230,female,group B,some college,standard,completed,64,72,78
1000,Theodore,Tree,208.254.101.131,female,group C,high school,standard,none,62,69,65
